-- phpMyAdmin SQL Dump
-- version 5.2.1
-- https://www.phpmyadmin.net/
--
-- Servidor: 127.0.0.1
-- Tiempo de generación: 14-06-2026 a las 02:18:12
-- Versión del servidor: 10.4.32-MariaDB
-- Versión de PHP: 8.0.30

SET SQL_MODE = "NO_AUTO_VALUE_ON_ZERO";
START TRANSACTION;
SET time_zone = "+00:00";


/*!40101 SET @OLD_CHARACTER_SET_CLIENT=@@CHARACTER_SET_CLIENT */;
/*!40101 SET @OLD_CHARACTER_SET_RESULTS=@@CHARACTER_SET_RESULTS */;
/*!40101 SET @OLD_COLLATION_CONNECTION=@@COLLATION_CONNECTION */;
/*!40101 SET NAMES utf8mb4 */;

--
-- Base de datos: `primaria`
--
CREATE DATABASE IF NOT EXISTS `primaria` DEFAULT CHARACTER SET utf8mb4 COLLATE utf8mb4_general_ci;
USE `primaria`;

-- --------------------------------------------------------

--
-- Estructura de tabla para la tabla `alumnos`
--

DROP TABLE IF EXISTS `alumnos`;
CREATE TABLE `alumnos` (
  `matricula` varchar(11) NOT NULL,
  `nombre` varchar(100) DEFAULT NULL,
  `telefono` varchar(10) DEFAULT NULL
) ENGINE=InnoDB DEFAULT CHARSET=utf8mb4 COLLATE=utf8mb4_general_ci;

--
-- Volcado de datos para la tabla `alumnos`
--

INSERT INTO `alumnos` (`matricula`, `nombre`, `telefono`) VALUES
('000000000-0', 'admin', '1242342342'),
('200360081-0', 'Delgado Rodríguez Luis Enrique', '3312345678'),
('200360209-7', 'Jiménez González Eduardo Aldahir', '3322334455'),
('200360221-2', 'Quiroz Ochoa Arturo', '7788990011'),
('200360231-1', 'Escobar Delgado Luz Idalid', '9966778899'),
('200360313-7', 'Salgado Medina Gael', '6644556677'),
('200360586-8', 'Romero Ramírez Adolfo Francisco', '6622334455'),
('210360008-2', 'Morales Flores Jorge Luis', '6612345678'),
('210360011-6', 'Mejía Barrera José Eduardo', '3388990011'),
('210360021-5', 'García Rojas Evelin Noemi', '3389012345'),
('210360025-6', 'Jiménez Hernández Joseph', '3334455667'),
('210360031-4', 'García Brayan', '3345678901'),
('210360039-7', 'Rodríguez Flores Genesis Sinai', '6601234567'),
('210360040-5', 'Pérez Pantoja Brenda', '6667890123'),
('210360041-3', 'Barajas Bahena Luis Angel', '4466778899'),
('210360043-9', 'Abarca Montoya Luis Gerardo', '4478901234'),
('210360044-7', 'Contreras Carbajal Ana María', '4499001122'),
('210360046-2', 'García Monreal Fernando', '3367890123'),
('210360054-6', 'Benavides López Alexis Eduardo', '4477889900'),
('210360060-3', 'Alcántara Roldan Angel Axel', '4401234567'),
('210360062-9', 'Acevedo Osorio Antonio', '4489012345'),
('210360071-0', 'Aranda Ramírez Dira Mariel', '4422334455'),
('210360076-9', 'Meza Herrera Osvaldo Enrique', '3399001122'),
('210360082-7', 'Alvarez Brito Briseyda', '4411223344'),
('210360095-9', 'Guadarrama Álvarez Esteban', '3301234567'),
('210360096-7', 'García Mora Fernanda', '3378901234'),
('210360106-4', 'Valle Rosales Nancy Gineth', '6666778899'),
('210360135-3', 'Avilés Sánchez Emiliano', '4455667788'),
('210360150-2', 'Cortes Rojas Brenda Scarlett', '4400112233'),
('210360170-0', 'Guadarrama Bustos Kenia Nicole', '7778901234'),
('210360177-5', 'Cervantes Nava Erick', '4488990011'),
('210360180-9', 'Ramírez Jiménez Christopher William', '6689012345'),
('210360182-5', 'Pizaña Delgadillo Brian', '6678901234'),
('210360186-6', 'Araujo Muñoz Daniela', '4433445566'),
('210360193-2', 'García Alberto Astrid Yamile', '7734567890'),
('210360195-7', 'González Baza Vanessa', '3390123456'),
('210360197-3', 'Labastida Morales Jade Ixchel', '3355667788'),
('210360202-1', 'Avilés Uriel Abisai', '4444556677'),
('210360212-0', 'López Cruz Jesús Guadalupe', '3377889900'),
('210360215-3', 'Vázquez Ocampo Ximena Nahomi', '6688990011'),
('210360221-1', 'Martínez Serrano Emilio Fernando', '7701234567'),
('210360242-7', 'Pedraza Ocampo Dulce Yoselin', '6645678901'),
('210360252-6', 'Reyna Albiter Evelyn Damaris', '7799001122'),
('210360255-9', 'Sánchez González Joan Abraham', '6655667788'),
('210360256-7', 'Pérez Hernández Diego', '6656789012'),
('210360269-0', 'Román Máximo Kristal Lizbeidy', '6611223344'),
('210360278-1', 'Vázquez Campuzano Raúl', '6677889900'),
('210360353-2', 'Juárez Hernández Citlali Jimena', '3344556677'),
('210360386-2', 'Fuentes Martínez Yahir', '3334567890'),
('210360403-5', 'Moran Acevedo Erick Enrique', '6623456789'),
('210360404-3', 'Rosales Vergara Melanie Alondra', '6633445566'),
('210360420-9', 'Lagunas Bernardo Yatziri', '3366778899'),
('210360428-2', 'Acosta Sánchez Wilberth Gael', '4490123456'),
('210360450-6', 'Hurtado Uribe Elian', '3311223344'),
('210360461-3', 'Monroy Miranda Tania Valeria', '3300112233'),
('210360471-2', 'García Brito Patricia Fernanda', '3356789012'),
('210360498-5', 'Anzures Nava Matías Emiliano', '5545678901'),
('210360552-9', 'Moreno Ramos Mariana Ariadna', '6634567890'),
('212670712-0', 'Aguilar Segura Emily Stacy', '5512345678'),
('220360001-6', 'Estrada Romero Ángeles', '3323456789'),
('220360092-5', 'Ponce Medero Yessica Yolotzin', '7777889900'),
('220360114-7', 'Flores Millán Betsaida', '5500112233'),
('220360116-2', 'Mendoza Dávalos Luis Alberto', '7733445566'),
('220360214-5', 'Argumedo Martínez Jesica Abigail', '5567890123'),
('220360215-2', 'Arellano Castorela Erika Betsaida', '5556789012'),
('220360224-4', 'Maruri Jared', '7711223344'),
('220360238-4', 'Cano Chino Ana Paola', '5501234567'),
('220360239-2', 'Morales Pérez Andrea', '7744556677'),
('220360242-6', 'Gaona Villanueva Rubí Deysi', '7723456789'),
('220360259-0', 'Reyes Marín Sahira', '6690123456'),
('220360265-7', 'Castro Escobar José Isaac', '5522334455'),
('220360292-1', 'Barrera Calderón Jonathan Alberto', '5589012345'),
('220360297-0', 'Bravo Taboada Cristian', '5590123456'),
('220360324-2', 'Amaro Valle Yahir', '5534567890'),
('220360329-1', 'Romero Rodríguez Brenda Daniela', '4423456789'),
('220360339-0', 'González Hernández Juan Diego', '7767890123'),
('220360366-3', 'Reyna Stephany', '7700112233'),
('220360400-2', 'Victoriano Salgado Cecilia', '4467890123'),
('220360420-8', 'Díaz Barón Lennyn Shakur', '5555667788'),
('220360439-8', 'Elguea Cardona Dylan', '5577889900'),
('220360453-9', 'Contreras González Erick', '5533445566'),
('220360454-7', 'Hernández Arce Yahir Emmanuel', '7790123456'),
('220360455-4', 'Covarrubias Olivarez Juan Asahel', '5544556677'),
('220360474-5', 'Rodríguez Valladares Aislinn', '4412345678'),
('220360494-3', 'Guadarrama Meza Bryan', '7789012345'),
('220360500-7', 'Flores Pérez Oscar Oswaldo', '7712345678'),
('220360506-4', 'Morales Tepec Luz Itzel', '7755667788'),
('220360517-1', 'Alemán Sánchez Jesús Salvador', '5523456789'),
('220360520-5', 'Bahena Díaz Eliam', '5578901234'),
('220360550-2', 'Sánchez Pérez Daniela', '4434567890'),
('220360568-4', 'Evangelista Barrera Abigail', '5588990011'),
('220360571-8', 'González Hernández Jorge', '7756789012'),
('220360650-2', 'Solís Nepomuceno Leticia', '4445678901'),
('220360660-9', 'Méndez Quintana Maricarmen', '7722334455'),
('220360790-2', 'Valladares Escobedo Diana Alexa', '4456789012'),
('222222222-2', 'ABDC', '1214234232'),
('222410542-5', 'Díaz Díaz Carlos Alberto', '5566778899'),
('230360002-3', 'Castillo Escutia Raúl Ismael', '5511223344'),
('230360011-4', 'Pichardo Onofre Cesar Emiliano', '7766778899'),
('230360013-0', 'Fernández Ayala Abimelek Eduardo', '5599001122'),
('230360184-9', 'García Ocampo Oscar', '7745678901'),
('230360647-5', 'Gómez Ibarra Julio Cesar', '8856789012'),
('232410640-6', 'Fajardo Hernández Fernando', '9988990011'),
('240360012-1', 'Bahena Díaz Yair Neftali', '9956789012'),
('240360018-8', 'García Avilez Lizbeth', '8834567890'),
('240360033-7', 'Cruz Bustos Karla Judtih', '9911223344'),
('240360072-5', 'Castrejon González Daniela', '9901234567'),
('240360081-6', 'Flores Martínez Wendolin', '8823456789'),
('240360100-4', 'Araujo Mesa Jonathan Jesus', '6600112233'),
('240360118-6', 'Beltran Bernal Carlos Eduardo', '9989012345'),
('240360154-1', 'Barrios Esquivel Jose Roberto', '9978901234'),
('240360187-1', 'Flores Gómez Erick Jacob', '8812345678'),
('240360192-1', 'Escobar Cardiel Dylan Giovanni', '9955667788'),
('240360198-8', 'Figueroa Rogel Francisco Javier', '9900112233'),
('240360209-3', 'Gutierrez Martínez Carlos', '8889012345'),
('240360213-5', 'Arias Villalba Juan Joyce', '9912345678'),
('240360256-4', 'Garibay Vazquez Kevin Yair', '8845678901'),
('240360295-2', 'Dorantes Roman Herlinda Isabel', '9944556677'),
('240360305-9', 'Eugenio Corona Angel', '9977889900'),
('240360326-5', 'Gudiño Hernández Josue Israel Esteban', '8878901234'),
('240360395-0', 'González Vázquez Edgar Eduardo', '8867890123'),
('240360403-2', 'Favila Vazquez Alan Hamid', '9999001122'),
('240360417-2', 'Davalos Islas Tania Marisol', '9933445566'),
('240360436-2', 'Cruz Poot Eduardo Antonio', '9922334455'),
('240360447-9', 'Carsi Castrejon Maximiliano', '9990123456'),
('240360453-7', 'Ayala Bernabe Alder', '9934567890'),
('240360457-8', 'Astudillo Juarez Manuel', '9923456789'),
('240360472-7', 'Barberi Saldaña Martha Lizzeth', '9967890123'),
('240360501-3', 'Aranda Montiel Sara', '6699001122'),
('240360626-8', 'Baeza Anota Athziri Yarethzi', '9945678901'),
('240360748-0', 'Hernández Barrera Sergio Adolfo', '8890123456'),
('255555555-5', 'Ausuario prueba txx', '7772304512'),
('333333333-3', 'ABDC', '1241432423'),
('666555555-5', 'AAAAAAAAAA', '7772304512');

-- --------------------------------------------------------

--
-- Estructura de tabla para la tabla `alumno_grado`
--

DROP TABLE IF EXISTS `alumno_grado`;
CREATE TABLE `alumno_grado` (
  `id_esta` int(11) NOT NULL,
  `matricula` varchar(11) DEFAULT NULL,
  `grado` int(1) DEFAULT NULL
) ENGINE=InnoDB DEFAULT CHARSET=utf8mb4 COLLATE=utf8mb4_general_ci;

--
-- Volcado de datos para la tabla `alumno_grado`
--

INSERT INTO `alumno_grado` (`id_esta`, `matricula`, `grado`) VALUES
(1, '212670712-0', 1),
(2, '220360517-1', 2),
(3, '220360324-2', 3),
(4, '210360498-5', 4),
(5, '220360215-2', 5),
(6, '220360214-5', 6),
(7, '220360520-5', 1),
(8, '220360292-1', 2),
(9, '220360297-0', 3),
(10, '220360238-4', 4),
(11, '230360002-3', 5),
(12, '220360265-7', 6),
(13, '220360453-9', 1),
(14, '220360455-4', 2),
(15, '220360420-8', 3),
(16, '222410542-5', 4),
(17, '220360439-8', 5),
(18, '220360568-4', 6),
(19, '230360013-0', 1),
(20, '220360114-7', 2),
(21, '220360500-7', 3),
(22, '220360242-6', 4),
(23, '210360193-2', 5),
(24, '230360184-9', 6),
(25, '220360571-8', 1),
(26, '220360339-0', 2),
(27, '210360170-0', 3),
(28, '220360494-3', 4),
(29, '220360454-7', 5),
(30, '210360221-1', 6),
(31, '220360224-4', 1),
(32, '220360660-9', 2),
(33, '220360116-2', 3),
(34, '220360239-2', 4),
(35, '220360506-4', 5),
(36, '230360011-4', 6),
(37, '220360092-5', 1),
(38, '200360221-2', 2),
(39, '210360252-6', 3),
(40, '220360366-3', 4),
(41, '220360474-5', 5),
(42, '220360329-1', 6),
(43, '220360550-2', 1),
(44, '220360650-2', 2),
(45, '220360790-2', 3),
(46, '220360400-2', 4),
(47, '210360043-9', 5),
(48, '210360062-9', 6),
(49, '210360428-2', 1),
(50, '210360060-3', 2),
(51, '210360082-7', 3),
(52, '210360071-0', 4),
(53, '210360186-6', 5),
(54, '210360202-1', 6),
(55, '210360135-3', 1),
(56, '210360041-3', 2),
(57, '210360054-6', 3),
(58, '210360177-5', 4),
(59, '210360044-7', 5),
(60, '210360150-2', 6),
(61, '200360081-0', 1),
(62, '220360001-6', 2),
(63, '210360386-2', 3),
(64, '210360031-4', 4),
(65, '210360471-2', 5),
(66, '210360046-2', 6),
(67, '210360096-7', 1),
(68, '210360021-5', 2),
(69, '210360195-7', 3),
(70, '210360095-9', 4),
(71, '210360450-6', 5),
(72, '200360209-7', 6),
(73, '210360025-6', 1),
(74, '210360353-2', 2),
(75, '210360197-3', 3),
(76, '210360420-9', 4),
(77, '210360212-0', 5),
(78, '210360011-6', 6),
(79, '210360076-9', 1),
(80, '210360461-3', 2),
(81, '210360008-2', 3),
(82, '210360403-5', 4),
(83, '210360552-9', 5),
(84, '210360242-7', 6),
(85, '210360256-7', 1),
(86, '210360040-5', 2),
(87, '210360182-5', 3),
(88, '210360180-9', 4),
(89, '220360259-0', 5),
(90, '210360039-7', 6),
(91, '210360269-0', 1),
(92, '200360586-8', 2),
(93, '210360404-3', 3),
(94, '200360313-7', 4),
(95, '210360255-9', 5),
(96, '210360106-4', 6),
(97, '210360278-1', 1),
(98, '210360215-3', 2),
(99, '240360501-3', 3),
(100, '240360100-4', 4),
(101, '240360213-5', 5),
(102, '240360457-8', 6),
(103, '240360453-7', 1),
(104, '240360626-8', 2),
(105, '240360012-1', 3),
(106, '240360472-7', 4),
(107, '240360154-1', 5),
(108, '240360118-6', 6),
(109, '240360447-9', 1),
(110, '240360072-5', 2),
(111, '240360033-7', 3),
(112, '240360436-2', 4),
(113, '240360417-2', 5),
(114, '240360295-2', 6),
(115, '240360192-1', 1),
(116, '200360231-1', 2),
(117, '240360305-9', 3),
(118, '232410640-6', 4),
(119, '240360403-2', 5),
(120, '240360198-8', 6),
(121, '240360187-1', 1),
(122, '240360081-6', 2),
(123, '240360018-8', 3),
(124, '240360256-4', 4),
(125, '230360647-5', 5),
(126, '240360395-0', 6),
(127, '240360326-5', 1),
(128, '240360209-3', 2),
(129, '240360748-0', 3),
(130, '000000000-0', 1),
(131, '222222222-2', 1),
(132, '333333333-3', 1);

-- --------------------------------------------------------

--
-- Estructura de tabla para la tabla `calificaciones`
--

DROP TABLE IF EXISTS `calificaciones`;
CREATE TABLE `calificaciones` (
  `id_calificacion` int(11) NOT NULL,
  `id_esta` int(11) NOT NULL
) ENGINE=InnoDB DEFAULT CHARSET=utf8mb4 COLLATE=utf8mb4_general_ci;

--
-- Volcado de datos para la tabla `calificaciones`
--

INSERT INTO `calificaciones` (`id_calificacion`, `id_esta`) VALUES
(1, 1),
(23, 2),
(45, 3),
(67, 4),
(88, 5),
(109, 6),
(2, 7),
(24, 8),
(46, 9),
(68, 10),
(89, 11),
(110, 12),
(3, 13),
(25, 14),
(47, 15),
(69, 16),
(90, 17),
(111, 18),
(4, 19),
(26, 20),
(48, 21),
(70, 22),
(91, 23),
(112, 24),
(5, 25),
(27, 26),
(49, 27),
(71, 28),
(92, 29),
(113, 30),
(6, 31),
(28, 32),
(50, 33),
(72, 34),
(93, 35),
(114, 36),
(7, 37),
(29, 38),
(51, 39),
(73, 40),
(94, 41),
(115, 42),
(8, 43),
(30, 44),
(52, 45),
(74, 46),
(95, 47),
(116, 48),
(9, 49),
(31, 50),
(53, 51),
(75, 52),
(96, 53),
(117, 54),
(10, 55),
(32, 56),
(54, 57),
(76, 58),
(97, 59),
(118, 60),
(11, 61),
(33, 62),
(55, 63),
(77, 64),
(98, 65),
(119, 66),
(12, 67),
(34, 68),
(56, 69),
(78, 70),
(99, 71),
(120, 72),
(13, 73),
(35, 74),
(57, 75),
(79, 76),
(100, 77),
(121, 78),
(14, 79),
(36, 80),
(58, 81),
(80, 82),
(101, 83),
(122, 84),
(15, 85),
(37, 86),
(59, 87),
(81, 88),
(102, 89),
(123, 90),
(16, 91),
(38, 92),
(60, 93),
(82, 94),
(103, 95),
(124, 96),
(17, 97),
(39, 98),
(61, 99),
(83, 100),
(104, 101),
(125, 102),
(18, 103),
(40, 104),
(62, 105),
(84, 106),
(105, 107),
(126, 108),
(19, 109),
(41, 110),
(63, 111),
(85, 112),
(106, 113),
(127, 114),
(20, 115),
(42, 116),
(64, 117),
(86, 118),
(107, 119),
(128, 120),
(21, 121),
(43, 122),
(65, 123),
(87, 124),
(108, 125),
(129, 126),
(22, 127),
(44, 128),
(66, 129);

-- --------------------------------------------------------

--
-- Estructura de tabla para la tabla `detalle_calificaciones`
--

DROP TABLE IF EXISTS `detalle_calificaciones`;
CREATE TABLE `detalle_calificaciones` (
  `id_detalle` int(11) NOT NULL,
  `id_calificacion` int(11) NOT NULL,
  `codigo_materia` varchar(6) NOT NULL,
  `primer_trimestre` decimal(4,2) DEFAULT NULL,
  `segundo_trimestre` decimal(4,2) DEFAULT NULL,
  `tercer_trimestre` decimal(4,2) DEFAULT NULL
) ENGINE=InnoDB DEFAULT CHARSET=utf8mb4 COLLATE=utf8mb4_general_ci;

--
-- Volcado de datos para la tabla `detalle_calificaciones`
--

INSERT INTO `detalle_calificaciones` (`id_detalle`, `id_calificacion`, `codigo_materia`, `primer_trimestre`, `segundo_trimestre`, `tercer_trimestre`) VALUES
(1, 1, 'LMM001', 9.04, 9.69, NULL),
(2, 1, 'MMM001', 7.33, 9.56, NULL),
(3, 1, 'CNN001', 7.81, 8.39, NULL),
(4, 1, 'GGG001', 8.50, 7.35, NULL),
(5, 1, 'HHH001', 9.24, 6.15, NULL),
(6, 1, 'FCE001', 9.03, 8.71, NULL),
(7, 1, 'AAA001', 6.46, 8.16, NULL),
(8, 1, 'EFF001', 7.43, 6.67, NULL),
(9, 1, 'LEE001', 9.06, 7.27, NULL),
(10, 23, 'LMM002', 7.17, 8.06, NULL),
(11, 23, 'MMM002', 8.77, 9.66, NULL),
(12, 23, 'CNN002', 8.01, 9.08, NULL),
(13, 23, 'GGG002', 7.36, 7.54, NULL),
(14, 23, 'HHH002', 9.63, 7.53, NULL),
(15, 23, 'FCE002', 6.75, 9.17, NULL),
(16, 23, 'AAA002', 7.59, 8.44, NULL),
(17, 23, 'EFF002', 9.43, 7.83, NULL),
(18, 23, 'LEE002', 8.88, 6.90, NULL),
(19, 45, 'LMM003', 9.85, 6.55, NULL),
(20, 45, 'MMM003', 9.21, 8.41, NULL),
(21, 45, 'CNN003', 8.42, 6.85, NULL),
(22, 45, 'GGG003', 6.99, 8.42, NULL),
(23, 45, 'HHH003', 7.10, 8.25, NULL),
(24, 45, 'FCE003', 9.97, 7.09, NULL),
(25, 45, 'AAA003', 7.55, 6.48, NULL),
(26, 45, 'EFF003', 7.73, 9.22, NULL),
(27, 45, 'LEE003', 8.92, 6.93, NULL),
(28, 67, 'LMM004', 9.88, 6.62, NULL),
(29, 67, 'MMM004', 9.45, 9.39, NULL),
(30, 67, 'CNN004', 8.60, 8.84, NULL),
(31, 67, 'GGG004', 8.41, 9.54, NULL),
(32, 67, 'HHH004', 8.44, 7.58, NULL),
(33, 67, 'FCE004', 6.59, 8.21, NULL),
(34, 67, 'AAA004', 7.26, 9.69, NULL),
(35, 67, 'EFF004', 8.68, 8.34, NULL),
(36, 67, 'LEE004', 9.64, 9.17, NULL),
(37, 88, 'LMM005', 6.95, 9.25, NULL),
(38, 88, 'MMM005', 7.37, 7.12, NULL),
(39, 88, 'CNN005', 7.49, 6.07, NULL),
(40, 88, 'GGG005', 9.89, 9.25, NULL),
(41, 88, 'HHH005', 6.58, 7.14, NULL),
(42, 88, 'FCE005', 9.96, 6.40, NULL),
(43, 88, 'AAA005', 8.11, 7.33, NULL),
(44, 88, 'EFF005', 6.35, 7.73, NULL),
(45, 88, 'LEE005', 9.62, 6.90, NULL),
(46, 109, 'LMM006', 7.64, 7.51, 9.00),
(47, 109, 'MMM006', 8.63, 6.62, 9.00),
(48, 109, 'CNN006', 9.23, 8.26, 9.00),
(49, 109, 'GGG006', 7.61, 7.28, 9.00),
(50, 109, 'HHH006', 7.57, 6.02, 9.00),
(51, 109, 'FCE006', 9.40, 6.94, 9.00),
(52, 109, 'AAA006', 8.48, 7.59, 9.00),
(53, 109, 'EFF006', 6.52, 7.82, 9.00),
(54, 109, 'LEE006', 9.54, 6.25, 9.00),
(55, 2, 'LMM001', 8.64, 6.43, NULL),
(56, 2, 'MMM001', 8.22, 7.80, NULL),
(57, 2, 'CNN001', 8.37, 8.42, NULL),
(58, 2, 'GGG001', 7.00, 7.75, NULL),
(59, 2, 'HHH001', 7.75, 9.52, NULL),
(60, 2, 'FCE001', 6.32, 9.06, NULL),
(61, 2, 'AAA001', 8.35, 8.55, NULL),
(62, 2, 'EFF001', 7.69, 6.83, NULL),
(63, 2, 'LEE001', 9.06, 6.82, NULL),
(64, 24, 'LMM002', 8.92, 6.14, NULL),
(65, 24, 'MMM002', 9.92, 9.20, NULL),
(66, 24, 'CNN002', 6.21, 9.49, NULL),
(67, 24, 'GGG002', 6.79, 7.49, NULL),
(68, 24, 'HHH002', 7.06, 6.86, NULL),
(69, 24, 'FCE002', 7.11, 8.95, NULL),
(70, 24, 'AAA002', 9.45, 6.37, NULL),
(71, 24, 'EFF002', 9.52, 6.47, NULL),
(72, 24, 'LEE002', 9.78, 7.52, NULL),
(73, 46, 'LMM003', 6.25, 6.68, NULL),
(74, 46, 'MMM003', 8.68, 9.32, NULL),
(75, 46, 'CNN003', 6.59, 6.98, NULL),
(76, 46, 'GGG003', 9.15, 6.80, NULL),
(77, 46, 'HHH003', 8.54, 8.30, NULL),
(78, 46, 'FCE003', 9.89, 6.55, NULL),
(79, 46, 'AAA003', 9.08, 7.73, NULL),
(80, 46, 'EFF003', 9.44, 6.01, NULL),
(81, 46, 'LEE003', 7.71, 6.52, NULL),
(82, 68, 'LMM004', 7.50, 7.91, NULL),
(83, 68, 'MMM004', 7.04, 9.49, NULL),
(84, 68, 'CNN004', 8.31, 7.07, NULL),
(85, 68, 'GGG004', 8.44, 6.98, NULL),
(86, 68, 'HHH004', 7.59, 7.03, NULL),
(87, 68, 'FCE004', 6.35, 8.65, NULL),
(88, 68, 'AAA004', 6.22, 7.13, NULL),
(89, 68, 'EFF004', 7.00, 7.61, NULL),
(90, 68, 'LEE004', 7.03, 6.33, NULL),
(91, 89, 'LMM005', 8.58, 9.91, NULL),
(92, 89, 'MMM005', 9.81, 9.31, NULL),
(93, 89, 'CNN005', 7.14, 9.75, NULL),
(94, 89, 'GGG005', 9.34, 7.44, NULL),
(95, 89, 'HHH005', 7.19, 7.63, NULL),
(96, 89, 'FCE005', 6.58, 8.03, NULL),
(97, 89, 'AAA005', 6.38, 9.82, NULL),
(98, 89, 'EFF005', 7.98, 8.41, NULL),
(99, 89, 'LEE005', 8.13, 9.43, NULL),
(100, 110, 'LMM006', 8.73, 9.38, NULL),
(101, 110, 'MMM006', 6.70, 7.35, NULL),
(102, 110, 'CNN006', 6.65, 9.19, NULL),
(103, 110, 'GGG006', 7.99, 6.42, NULL),
(104, 110, 'HHH006', 6.10, 9.23, NULL),
(105, 110, 'FCE006', 9.87, 7.65, NULL),
(106, 110, 'AAA006', 6.64, 8.26, NULL),
(107, 110, 'EFF006', 7.36, 6.03, NULL),
(108, 110, 'LEE006', 6.06, 6.22, NULL),
(109, 3, 'LMM001', 6.91, 9.88, NULL),
(110, 3, 'MMM001', 6.69, 9.79, NULL),
(111, 3, 'CNN001', 6.88, 7.02, NULL),
(112, 3, 'GGG001', 8.49, 7.37, NULL),
(113, 3, 'HHH001', 9.39, 6.85, NULL),
(114, 3, 'FCE001', 8.09, 9.87, NULL),
(115, 3, 'AAA001', 7.07, 7.77, NULL),
(116, 3, 'EFF001', 7.61, 8.75, NULL),
(117, 3, 'LEE001', 6.94, 6.45, NULL),
(118, 25, 'LMM002', 9.40, 9.67, NULL),
(119, 25, 'MMM002', 6.13, 7.66, NULL),
(120, 25, 'CNN002', 9.91, 8.57, NULL),
(121, 25, 'GGG002', 7.11, 7.86, NULL),
(122, 25, 'HHH002', 7.98, 6.31, NULL),
(123, 25, 'FCE002', 9.60, 7.09, NULL),
(124, 25, 'AAA002', 8.64, 7.92, NULL),
(125, 25, 'EFF002', 7.69, 8.67, NULL),
(126, 25, 'LEE002', 6.28, 7.38, NULL),
(127, 47, 'LMM003', 8.08, 8.28, NULL),
(128, 47, 'MMM003', 7.13, 8.80, NULL),
(129, 47, 'CNN003', 8.64, 6.81, NULL),
(130, 47, 'GGG003', 6.10, 8.07, NULL),
(131, 47, 'HHH003', 8.05, 6.03, NULL),
(132, 47, 'FCE003', 8.02, 8.02, NULL),
(133, 47, 'AAA003', 6.05, 8.16, NULL),
(134, 47, 'EFF003', 8.67, 8.88, NULL),
(135, 47, 'LEE003', 8.38, 9.27, NULL),
(136, 69, 'LMM004', 7.20, 6.18, NULL),
(137, 69, 'MMM004', 7.30, 7.98, NULL),
(138, 69, 'CNN004', 7.99, 9.99, NULL),
(139, 69, 'GGG004', 8.00, 8.01, NULL),
(140, 69, 'HHH004', 6.08, 8.34, NULL),
(141, 69, 'FCE004', 9.48, 8.37, NULL),
(142, 69, 'AAA004', 7.43, 6.01, NULL),
(143, 69, 'EFF004', 9.78, 8.88, NULL),
(144, 69, 'LEE004', 9.03, 8.54, NULL),
(145, 90, 'LMM005', 9.60, 8.36, NULL),
(146, 90, 'MMM005', 7.02, 8.02, NULL),
(147, 90, 'CNN005', 9.03, 7.10, NULL),
(148, 90, 'GGG005', 6.40, 8.69, NULL),
(149, 90, 'HHH005', 6.25, 7.17, NULL),
(150, 90, 'FCE005', 7.10, 7.99, NULL),
(151, 90, 'AAA005', 8.66, 9.31, NULL),
(152, 90, 'EFF005', 6.59, 7.02, NULL),
(153, 90, 'LEE005', 9.33, 7.58, NULL),
(154, 111, 'LMM006', 7.93, 6.91, NULL),
(155, 111, 'MMM006', 8.76, 9.05, NULL),
(156, 111, 'CNN006', 8.98, 7.73, NULL),
(157, 111, 'GGG006', 9.74, 7.50, NULL),
(158, 111, 'HHH006', 6.29, 6.95, NULL),
(159, 111, 'FCE006', 9.89, 6.58, NULL),
(160, 111, 'AAA006', 9.24, 8.44, NULL),
(161, 111, 'EFF006', 8.51, 7.22, NULL),
(162, 111, 'LEE006', 8.58, 7.24, NULL),
(163, 4, 'LMM001', 8.44, 6.49, NULL),
(164, 4, 'MMM001', 9.11, 8.10, NULL),
(165, 4, 'CNN001', 7.18, 9.60, NULL),
(166, 4, 'GGG001', 8.46, 7.50, NULL),
(167, 4, 'HHH001', 6.11, 6.05, NULL),
(168, 4, 'FCE001', 9.94, 9.55, NULL),
(169, 4, 'AAA001', 7.94, 9.05, NULL),
(170, 4, 'EFF001', 7.43, 7.99, NULL),
(171, 4, 'LEE001', 7.65, 8.29, NULL),
(172, 26, 'LMM002', 8.51, 7.67, NULL),
(173, 26, 'MMM002', 6.81, 9.03, NULL),
(174, 26, 'CNN002', 6.74, 8.61, NULL),
(175, 26, 'GGG002', 8.82, 8.27, NULL),
(176, 26, 'HHH002', 8.89, 9.64, NULL),
(177, 26, 'FCE002', 7.51, 6.66, NULL),
(178, 26, 'AAA002', 8.77, 9.86, NULL),
(179, 26, 'EFF002', 9.01, 9.44, NULL),
(180, 26, 'LEE002', 6.18, 8.57, NULL),
(181, 48, 'LMM003', 6.32, 7.91, NULL),
(182, 48, 'MMM003', 6.57, 7.13, NULL),
(183, 48, 'CNN003', 9.93, 6.25, NULL),
(184, 48, 'GGG003', 7.47, 8.59, NULL),
(185, 48, 'HHH003', 6.53, 8.91, NULL),
(186, 48, 'FCE003', 6.95, 6.02, NULL),
(187, 48, 'AAA003', 7.24, 8.15, NULL),
(188, 48, 'EFF003', 9.02, 6.65, NULL),
(189, 48, 'LEE003', 8.21, 7.10, NULL),
(190, 70, 'LMM004', 8.87, 9.06, NULL),
(191, 70, 'MMM004', 8.68, 6.23, NULL),
(192, 70, 'CNN004', 7.12, 6.89, NULL),
(193, 70, 'GGG004', 7.08, 8.73, NULL),
(194, 70, 'HHH004', 8.41, 9.88, NULL),
(195, 70, 'FCE004', 6.17, 7.18, NULL),
(196, 70, 'AAA004', 7.42, 9.54, NULL),
(197, 70, 'EFF004', 7.43, 6.56, NULL),
(198, 70, 'LEE004', 8.48, 8.73, NULL),
(199, 91, 'LMM005', 8.21, 8.85, NULL),
(200, 91, 'MMM005', 9.65, 7.67, NULL),
(201, 91, 'CNN005', 7.40, 8.00, NULL),
(202, 91, 'GGG005', 7.80, 8.98, NULL),
(203, 91, 'HHH005', 7.53, 8.71, NULL),
(204, 91, 'FCE005', 6.94, 6.59, NULL),
(205, 91, 'AAA005', 6.11, 8.77, NULL),
(206, 91, 'EFF005', 7.54, 9.37, NULL),
(207, 91, 'LEE005', 6.22, 9.01, NULL),
(208, 112, 'LMM006', 8.38, 8.86, NULL),
(209, 112, 'MMM006', 9.18, 9.32, NULL),
(210, 112, 'CNN006', 9.06, 7.32, NULL),
(211, 112, 'GGG006', 7.45, 9.26, NULL),
(212, 112, 'HHH006', 9.95, 7.97, NULL),
(213, 112, 'FCE006', 8.02, 6.18, NULL),
(214, 112, 'AAA006', 8.84, 7.66, NULL),
(215, 112, 'EFF006', 9.78, 7.92, NULL),
(216, 112, 'LEE006', 8.27, 7.59, NULL),
(217, 5, 'LMM001', 7.12, 6.85, NULL),
(218, 5, 'MMM001', 6.89, 7.90, NULL),
(219, 5, 'CNN001', 8.84, 6.48, NULL),
(220, 5, 'GGG001', 7.88, 9.95, NULL),
(221, 5, 'HHH001', 8.13, 8.79, NULL),
(222, 5, 'FCE001', 9.58, 7.50, NULL),
(223, 5, 'AAA001', 6.78, 9.39, NULL),
(224, 5, 'EFF001', 8.60, 8.82, NULL),
(225, 5, 'LEE001', 8.33, 9.18, NULL),
(226, 27, 'LMM002', 6.93, 9.08, NULL),
(227, 27, 'MMM002', 6.62, 7.87, NULL),
(228, 27, 'CNN002', 9.49, 9.83, NULL),
(229, 27, 'GGG002', 6.67, 9.86, NULL),
(230, 27, 'HHH002', 7.30, 8.92, NULL),
(231, 27, 'FCE002', 8.68, 6.64, NULL),
(232, 27, 'AAA002', 9.18, 7.96, NULL),
(233, 27, 'EFF002', 6.26, 9.41, NULL),
(234, 27, 'LEE002', 6.30, 9.25, NULL),
(235, 49, 'LMM003', 9.37, 9.09, NULL),
(236, 49, 'MMM003', 7.32, 7.36, NULL),
(237, 49, 'CNN003', 8.85, 8.15, NULL),
(238, 49, 'GGG003', 8.19, 6.51, NULL),
(239, 49, 'HHH003', 9.98, 8.35, NULL),
(240, 49, 'FCE003', 9.83, 6.09, NULL),
(241, 49, 'AAA003', 6.95, 6.48, NULL),
(242, 49, 'EFF003', 9.55, 6.30, NULL),
(243, 49, 'LEE003', 8.87, 7.44, NULL),
(244, 71, 'LMM004', 8.58, 6.58, NULL),
(245, 71, 'MMM004', 9.14, 8.00, NULL),
(246, 71, 'CNN004', 6.56, 6.79, NULL),
(247, 71, 'GGG004', 8.27, 6.99, NULL),
(248, 71, 'HHH004', 8.15, 9.79, NULL),
(249, 71, 'FCE004', 6.48, 9.05, NULL),
(250, 71, 'AAA004', 7.80, 9.85, NULL),
(251, 71, 'EFF004', 7.84, 7.65, NULL),
(252, 71, 'LEE004', 8.74, 6.75, NULL),
(253, 92, 'LMM005', 9.55, 9.47, NULL),
(254, 92, 'MMM005', 8.73, 9.21, NULL),
(255, 92, 'CNN005', 9.85, 7.66, NULL),
(256, 92, 'GGG005', 6.72, 8.61, NULL),
(257, 92, 'HHH005', 8.89, 8.64, NULL),
(258, 92, 'FCE005', 6.53, 8.71, NULL),
(259, 92, 'AAA005', 9.98, 9.78, NULL),
(260, 92, 'EFF005', 8.96, 9.46, NULL),
(261, 92, 'LEE005', 6.43, 9.74, NULL),
(262, 113, 'LMM006', 7.42, 9.88, NULL),
(263, 113, 'MMM006', 9.13, 6.01, NULL),
(264, 113, 'CNN006', 8.69, 7.39, NULL),
(265, 113, 'GGG006', 8.87, 8.20, NULL),
(266, 113, 'HHH006', 8.38, 7.30, NULL),
(267, 113, 'FCE006', 9.37, 6.95, NULL),
(268, 113, 'AAA006', 8.64, 8.36, NULL),
(269, 113, 'EFF006', 9.87, 6.26, NULL),
(270, 113, 'LEE006', 7.68, 9.64, NULL),
(271, 6, 'LMM001', 7.14, 8.78, NULL),
(272, 6, 'MMM001', 8.51, 6.18, NULL),
(273, 6, 'CNN001', 7.37, 8.30, NULL),
(274, 6, 'GGG001', 9.41, 8.13, NULL),
(275, 6, 'HHH001', 6.44, 9.81, NULL),
(276, 6, 'FCE001', 7.72, 7.17, NULL),
(277, 6, 'AAA001', 6.67, 9.86, NULL),
(278, 6, 'EFF001', 7.30, 8.89, NULL),
(279, 6, 'LEE001', 8.57, 6.16, NULL),
(280, 28, 'LMM002', 7.11, 7.08, NULL),
(281, 28, 'MMM002', 8.04, 8.99, NULL),
(282, 28, 'CNN002', 6.82, 9.15, NULL),
(283, 28, 'GGG002', 7.27, 6.92, NULL),
(284, 28, 'HHH002', 6.77, 7.09, NULL),
(285, 28, 'FCE002', 9.15, 6.48, NULL),
(286, 28, 'AAA002', 6.96, 9.34, NULL),
(287, 28, 'EFF002', 7.83, 9.15, NULL),
(288, 28, 'LEE002', 8.24, 7.74, NULL),
(289, 50, 'LMM003', 8.01, 6.80, NULL),
(290, 50, 'MMM003', 7.99, 9.55, NULL),
(291, 50, 'CNN003', 9.79, 6.28, NULL),
(292, 50, 'GGG003', 8.06, 7.42, NULL),
(293, 50, 'HHH003', 6.95, 6.49, NULL),
(294, 50, 'FCE003', 9.58, 6.42, NULL),
(295, 50, 'AAA003', 9.37, 9.59, NULL),
(296, 50, 'EFF003', 9.86, 6.51, NULL),
(297, 50, 'LEE003', 8.96, 7.28, NULL),
(298, 72, 'LMM004', 7.53, 9.82, NULL),
(299, 72, 'MMM004', 8.49, 7.00, NULL),
(300, 72, 'CNN004', 7.54, 6.68, NULL),
(301, 72, 'GGG004', 8.81, 9.98, NULL),
(302, 72, 'HHH004', 9.48, 7.44, NULL),
(303, 72, 'FCE004', 6.78, 9.58, NULL),
(304, 72, 'AAA004', 9.54, 8.99, NULL),
(305, 72, 'EFF004', 6.33, 6.66, NULL),
(306, 72, 'LEE004', 8.32, 7.63, NULL),
(307, 93, 'LMM005', 7.18, 7.02, NULL),
(308, 93, 'MMM005', 7.57, 6.78, NULL),
(309, 93, 'CNN005', 9.19, 7.61, NULL),
(310, 93, 'GGG005', 8.48, 9.58, NULL),
(311, 93, 'HHH005', 8.44, 7.46, NULL),
(312, 93, 'FCE005', 9.99, 9.57, NULL),
(313, 93, 'AAA005', 7.89, 8.74, NULL),
(314, 93, 'EFF005', 6.04, 9.98, NULL),
(315, 93, 'LEE005', 9.75, 8.83, NULL),
(316, 114, 'LMM006', 8.90, 8.02, NULL),
(317, 114, 'MMM006', 7.38, 6.84, NULL),
(318, 114, 'CNN006', 6.06, 7.80, NULL),
(319, 114, 'GGG006', 6.82, 8.70, NULL),
(320, 114, 'HHH006', 9.04, 9.09, NULL),
(321, 114, 'FCE006', 8.35, 8.48, NULL),
(322, 114, 'AAA006', 7.36, 9.34, NULL),
(323, 114, 'EFF006', 6.60, 7.02, NULL),
(324, 114, 'LEE006', 9.27, 7.32, NULL),
(325, 7, 'LMM001', 6.77, 9.91, NULL),
(326, 7, 'MMM001', 7.21, 8.35, NULL),
(327, 7, 'CNN001', 6.10, 7.45, NULL),
(328, 7, 'GGG001', 8.93, 8.33, NULL),
(329, 7, 'HHH001', 8.86, 9.32, NULL),
(330, 7, 'FCE001', 9.99, 8.01, NULL),
(331, 7, 'AAA001', 8.07, 6.31, NULL),
(332, 7, 'EFF001', 9.37, 9.90, NULL),
(333, 7, 'LEE001', 7.38, 9.19, NULL),
(334, 29, 'LMM002', 9.82, 7.53, NULL),
(335, 29, 'MMM002', 6.20, 6.40, NULL),
(336, 29, 'CNN002', 7.40, 7.81, NULL),
(337, 29, 'GGG002', 6.86, 8.86, NULL),
(338, 29, 'HHH002', 9.70, 7.93, NULL),
(339, 29, 'FCE002', 8.55, 8.97, NULL),
(340, 29, 'AAA002', 9.19, 9.04, NULL),
(341, 29, 'EFF002', 7.63, 9.04, NULL),
(342, 29, 'LEE002', 8.29, 8.33, NULL),
(343, 51, 'LMM003', 6.81, 7.02, NULL),
(344, 51, 'MMM003', 8.70, 8.45, NULL),
(345, 51, 'CNN003', 6.12, 7.26, NULL),
(346, 51, 'GGG003', 7.95, 7.95, NULL),
(347, 51, 'HHH003', 9.91, 7.70, NULL),
(348, 51, 'FCE003', 6.76, 8.69, NULL),
(349, 51, 'AAA003', 9.18, 9.82, NULL),
(350, 51, 'EFF003', 7.58, 6.43, NULL),
(351, 51, 'LEE003', 7.43, 7.86, NULL),
(352, 73, 'LMM004', 6.99, 9.36, NULL),
(353, 73, 'MMM004', 7.86, 9.19, NULL),
(354, 73, 'CNN004', 8.40, 8.40, NULL),
(355, 73, 'GGG004', 6.82, 6.89, NULL),
(356, 73, 'HHH004', 7.98, 9.25, NULL),
(357, 73, 'FCE004', 8.30, 7.77, NULL),
(358, 73, 'AAA004', 7.94, 6.39, NULL),
(359, 73, 'EFF004', 6.14, 9.52, NULL),
(360, 73, 'LEE004', 7.18, 9.32, NULL),
(361, 94, 'LMM005', 7.09, 9.48, NULL),
(362, 94, 'MMM005', 8.13, 6.23, NULL),
(363, 94, 'CNN005', 8.74, 7.02, NULL),
(364, 94, 'GGG005', 6.89, 7.38, NULL),
(365, 94, 'HHH005', 6.23, 7.01, NULL),
(366, 94, 'FCE005', 6.36, 8.76, NULL),
(367, 94, 'AAA005', 6.72, 9.33, NULL),
(368, 94, 'EFF005', 8.50, 8.51, NULL),
(369, 94, 'LEE005', 7.05, 7.72, NULL),
(370, 115, 'LMM006', 7.47, 8.16, NULL),
(371, 115, 'MMM006', 8.39, 7.47, NULL),
(372, 115, 'CNN006', 6.18, 6.48, NULL),
(373, 115, 'GGG006', 7.85, 9.84, NULL),
(374, 115, 'HHH006', 7.65, 6.73, NULL),
(375, 115, 'FCE006', 8.70, 9.29, NULL),
(376, 115, 'AAA006', 6.37, 9.99, NULL),
(377, 115, 'EFF006', 8.81, 8.10, NULL),
(378, 115, 'LEE006', 8.08, 6.10, NULL),
(379, 8, 'LMM001', 8.27, 9.04, NULL),
(380, 8, 'MMM001', 6.40, 6.85, NULL),
(381, 8, 'CNN001', 9.08, 6.84, NULL),
(382, 8, 'GGG001', 8.96, 6.28, NULL),
(383, 8, 'HHH001', 6.52, 7.74, NULL),
(384, 8, 'FCE001', 9.17, 8.63, NULL),
(385, 8, 'AAA001', 9.64, 8.31, NULL),
(386, 8, 'EFF001', 6.63, 6.20, NULL),
(387, 8, 'LEE001', 9.11, 8.98, NULL),
(388, 30, 'LMM002', 7.54, 8.78, NULL),
(389, 30, 'MMM002', 7.27, 8.00, NULL),
(390, 30, 'CNN002', 8.20, 6.98, NULL),
(391, 30, 'GGG002', 8.31, 6.60, NULL),
(392, 30, 'HHH002', 6.07, 8.55, NULL),
(393, 30, 'FCE002', 6.55, 9.08, NULL),
(394, 30, 'AAA002', 7.77, 9.61, NULL),
(395, 30, 'EFF002', 6.71, 6.76, NULL),
(396, 30, 'LEE002', 7.64, 7.95, NULL),
(397, 52, 'LMM003', 6.80, 8.15, NULL),
(398, 52, 'MMM003', 6.38, 9.43, NULL),
(399, 52, 'CNN003', 9.99, 7.69, NULL),
(400, 52, 'GGG003', 6.47, 7.27, NULL),
(401, 52, 'HHH003', 6.93, 6.87, NULL),
(402, 52, 'FCE003', 7.55, 7.12, NULL),
(403, 52, 'AAA003', 6.97, 7.49, NULL),
(404, 52, 'EFF003', 6.54, 8.24, NULL),
(405, 52, 'LEE003', 7.57, 7.13, NULL),
(406, 74, 'LMM004', 6.94, 7.30, NULL),
(407, 74, 'MMM004', 9.71, 8.61, NULL),
(408, 74, 'CNN004', 7.95, 7.93, NULL),
(409, 74, 'GGG004', 9.79, 7.16, NULL),
(410, 74, 'HHH004', 8.42, 6.62, NULL),
(411, 74, 'FCE004', 9.85, 7.39, NULL),
(412, 74, 'AAA004', 9.41, 6.85, NULL),
(413, 74, 'EFF004', 8.03, 9.62, NULL),
(414, 74, 'LEE004', 9.99, 7.11, NULL),
(415, 95, 'LMM005', 7.58, 6.57, NULL),
(416, 95, 'MMM005', 8.12, 6.88, NULL),
(417, 95, 'CNN005', 8.04, 9.57, NULL),
(418, 95, 'GGG005', 9.70, 9.81, NULL),
(419, 95, 'HHH005', 9.96, 6.37, NULL),
(420, 95, 'FCE005', 7.97, 6.75, NULL),
(421, 95, 'AAA005', 7.85, 8.98, NULL),
(422, 95, 'EFF005', 7.37, 7.89, NULL),
(423, 95, 'LEE005', 7.36, 7.11, NULL),
(424, 116, 'LMM006', 7.47, 6.02, NULL),
(425, 116, 'MMM006', 9.71, 8.48, NULL),
(426, 116, 'CNN006', 7.29, 8.97, NULL),
(427, 116, 'GGG006', 9.02, 8.17, NULL),
(428, 116, 'HHH006', 7.78, 8.39, NULL),
(429, 116, 'FCE006', 8.61, 7.89, NULL),
(430, 116, 'AAA006', 7.61, 8.37, NULL),
(431, 116, 'EFF006', 9.03, 6.06, NULL),
(432, 116, 'LEE006', 9.19, 9.77, NULL),
(433, 9, 'LMM001', 7.29, 9.14, NULL),
(434, 9, 'MMM001', 9.84, 7.77, NULL),
(435, 9, 'CNN001', 7.33, 7.33, NULL),
(436, 9, 'GGG001', 8.66, 7.32, NULL),
(437, 9, 'HHH001', 8.63, 7.20, NULL),
(438, 9, 'FCE001', 8.08, 8.79, NULL),
(439, 9, 'AAA001', 9.73, 8.29, NULL),
(440, 9, 'EFF001', 6.27, 8.46, NULL),
(441, 9, 'LEE001', 9.51, 8.17, NULL),
(442, 31, 'LMM002', 6.31, 9.05, NULL),
(443, 31, 'MMM002', 8.30, 8.36, NULL),
(444, 31, 'CNN002', 6.88, 7.33, NULL),
(445, 31, 'GGG002', 6.03, 6.13, NULL),
(446, 31, 'HHH002', 6.56, 8.44, NULL),
(447, 31, 'FCE002', 8.50, 7.20, NULL),
(448, 31, 'AAA002', 8.50, 6.89, NULL),
(449, 31, 'EFF002', 6.96, 8.12, NULL),
(450, 31, 'LEE002', 9.71, 6.20, NULL),
(451, 53, 'LMM003', 7.89, 6.82, NULL),
(452, 53, 'MMM003', 8.43, 7.70, NULL),
(453, 53, 'CNN003', 7.19, 6.88, NULL),
(454, 53, 'GGG003', 6.83, 7.50, NULL),
(455, 53, 'HHH003', 6.99, 6.47, NULL),
(456, 53, 'FCE003', 9.37, 9.43, NULL),
(457, 53, 'AAA003', 9.03, 6.87, NULL),
(458, 53, 'EFF003', 9.27, 7.72, NULL),
(459, 53, 'LEE003', 8.79, 6.82, NULL),
(460, 75, 'LMM004', 9.70, 6.03, NULL),
(461, 75, 'MMM004', 7.06, 7.23, NULL),
(462, 75, 'CNN004', 8.98, 9.18, NULL),
(463, 75, 'GGG004', 8.95, 7.23, NULL),
(464, 75, 'HHH004', 7.31, 8.86, NULL),
(465, 75, 'FCE004', 8.38, 9.29, NULL),
(466, 75, 'AAA004', 7.32, 6.75, NULL),
(467, 75, 'EFF004', 9.79, 6.70, NULL),
(468, 75, 'LEE004', 6.10, 8.43, NULL),
(469, 96, 'LMM005', 9.85, 9.95, NULL),
(470, 96, 'MMM005', 6.18, 7.07, NULL),
(471, 96, 'CNN005', 6.81, 6.85, NULL),
(472, 96, 'GGG005', 7.81, 8.52, NULL),
(473, 96, 'HHH005', 9.15, 6.20, NULL),
(474, 96, 'FCE005', 9.56, 7.18, NULL),
(475, 96, 'AAA005', 9.23, 6.59, NULL),
(476, 96, 'EFF005', 7.26, 6.56, NULL),
(477, 96, 'LEE005', 8.99, 7.26, NULL),
(478, 117, 'LMM006', 7.36, 9.01, NULL),
(479, 117, 'MMM006', 8.97, 7.84, NULL),
(480, 117, 'CNN006', 6.27, 9.85, NULL),
(481, 117, 'GGG006', 8.45, 6.68, NULL),
(482, 117, 'HHH006', 6.05, 8.23, NULL),
(483, 117, 'FCE006', 8.99, 6.24, NULL),
(484, 117, 'AAA006', 6.25, 6.52, NULL),
(485, 117, 'EFF006', 7.84, 9.66, NULL),
(486, 117, 'LEE006', 6.75, 6.80, NULL),
(487, 10, 'LMM001', 7.73, 8.25, NULL),
(488, 10, 'MMM001', 8.07, 9.58, NULL),
(489, 10, 'CNN001', 9.71, 9.79, NULL),
(490, 10, 'GGG001', 9.83, 9.77, NULL),
(491, 10, 'HHH001', 9.37, 7.55, NULL),
(492, 10, 'FCE001', 7.64, 9.56, NULL),
(493, 10, 'AAA001', 6.86, 7.63, NULL),
(494, 10, 'EFF001', 7.57, 8.94, NULL),
(495, 10, 'LEE001', 8.01, 7.21, NULL),
(496, 32, 'LMM002', 6.02, 6.49, NULL),
(497, 32, 'MMM002', 8.36, 8.35, NULL),
(498, 32, 'CNN002', 6.68, 6.33, NULL),
(499, 32, 'GGG002', 9.63, 7.15, NULL),
(500, 32, 'HHH002', 8.88, 8.93, NULL),
(501, 32, 'FCE002', 8.02, 7.30, NULL),
(502, 32, 'AAA002', 6.43, 8.26, NULL),
(503, 32, 'EFF002', 8.01, 9.28, NULL),
(504, 32, 'LEE002', 8.35, 7.92, NULL),
(505, 54, 'LMM003', 8.54, 8.95, NULL),
(506, 54, 'MMM003', 9.13, 8.81, NULL),
(507, 54, 'CNN003', 6.64, 8.77, NULL),
(508, 54, 'GGG003', 9.95, 9.42, NULL),
(509, 54, 'HHH003', 7.25, 6.01, NULL),
(510, 54, 'FCE003', 6.27, 7.34, NULL),
(511, 54, 'AAA003', 7.87, 7.36, NULL),
(512, 54, 'EFF003', 7.16, 7.75, NULL),
(513, 54, 'LEE003', 7.25, 7.02, NULL),
(514, 76, 'LMM004', 7.34, 9.66, NULL),
(515, 76, 'MMM004', 8.26, 6.32, NULL),
(516, 76, 'CNN004', 8.84, 7.23, NULL),
(517, 76, 'GGG004', 7.63, 6.48, NULL),
(518, 76, 'HHH004', 7.48, 7.96, NULL),
(519, 76, 'FCE004', 7.37, 6.97, NULL),
(520, 76, 'AAA004', 6.74, 6.80, NULL),
(521, 76, 'EFF004', 7.77, 8.44, NULL),
(522, 76, 'LEE004', 8.88, 9.11, NULL),
(523, 97, 'LMM005', 8.89, 7.14, NULL),
(524, 97, 'MMM005', 7.01, 7.64, NULL),
(525, 97, 'CNN005', 7.16, 6.89, NULL),
(526, 97, 'GGG005', 6.97, 8.20, NULL),
(527, 97, 'HHH005', 6.06, 7.72, NULL),
(528, 97, 'FCE005', 6.43, 6.98, NULL),
(529, 97, 'AAA005', 9.61, 9.09, NULL),
(530, 97, 'EFF005', 6.64, 7.93, NULL),
(531, 97, 'LEE005', 9.75, 6.93, NULL),
(532, 118, 'LMM006', 7.43, 6.34, NULL),
(533, 118, 'MMM006', 7.43, 8.11, NULL),
(534, 118, 'CNN006', 8.27, 7.03, NULL),
(535, 118, 'GGG006', 8.32, 6.54, NULL),
(536, 118, 'HHH006', 9.71, 6.93, NULL),
(537, 118, 'FCE006', 7.54, 6.91, NULL),
(538, 118, 'AAA006', 9.92, 6.89, NULL),
(539, 118, 'EFF006', 6.69, 6.78, NULL),
(540, 118, 'LEE006', 7.84, 8.85, NULL),
(541, 11, 'LMM001', 6.74, 9.13, NULL),
(542, 11, 'MMM001', 7.46, 7.87, NULL),
(543, 11, 'CNN001', 7.01, 9.41, NULL),
(544, 11, 'GGG001', 8.04, 9.96, NULL),
(545, 11, 'HHH001', 7.67, 6.48, NULL),
(546, 11, 'FCE001', 7.40, 7.54, NULL),
(547, 11, 'AAA001', 9.50, 6.89, NULL),
(548, 11, 'EFF001', 7.95, 9.07, NULL),
(549, 11, 'LEE001', 7.50, 8.29, NULL),
(550, 33, 'LMM002', 8.95, 9.89, NULL),
(551, 33, 'MMM002', 8.61, 7.38, NULL),
(552, 33, 'CNN002', 9.04, 9.09, NULL),
(553, 33, 'GGG002', 8.32, 8.33, NULL),
(554, 33, 'HHH002', 6.67, 6.37, NULL),
(555, 33, 'FCE002', 9.86, 8.16, NULL),
(556, 33, 'AAA002', 9.24, 7.71, NULL),
(557, 33, 'EFF002', 8.84, 7.07, NULL),
(558, 33, 'LEE002', 6.83, 6.95, NULL),
(559, 55, 'LMM003', 8.25, 6.38, NULL),
(560, 55, 'MMM003', 9.17, 8.69, NULL),
(561, 55, 'CNN003', 9.97, 9.75, NULL),
(562, 55, 'GGG003', 8.86, 9.05, NULL),
(563, 55, 'HHH003', 8.67, 6.21, NULL),
(564, 55, 'FCE003', 7.03, 6.54, NULL),
(565, 55, 'AAA003', 9.58, 6.31, NULL),
(566, 55, 'EFF003', 8.78, 7.00, NULL),
(567, 55, 'LEE003', 6.64, 6.22, NULL),
(568, 77, 'LMM004', 9.19, 9.28, NULL),
(569, 77, 'MMM004', 8.83, 6.29, NULL),
(570, 77, 'CNN004', 6.99, 6.08, NULL),
(571, 77, 'GGG004', 7.42, 8.87, NULL),
(572, 77, 'HHH004', 8.07, 7.76, NULL),
(573, 77, 'FCE004', 8.56, 9.54, NULL),
(574, 77, 'AAA004', 8.03, 9.51, NULL),
(575, 77, 'EFF004', 9.45, 8.72, NULL),
(576, 77, 'LEE004', 9.28, 6.21, NULL),
(577, 98, 'LMM005', 9.23, 9.53, NULL),
(578, 98, 'MMM005', 9.93, 7.07, NULL),
(579, 98, 'CNN005', 7.54, 6.52, NULL),
(580, 98, 'GGG005', 7.99, 6.37, NULL),
(581, 98, 'HHH005', 9.87, 8.26, NULL),
(582, 98, 'FCE005', 9.67, 9.56, NULL),
(583, 98, 'AAA005', 8.80, 9.34, NULL),
(584, 98, 'EFF005', 6.30, 9.47, NULL),
(585, 98, 'LEE005', 6.43, 9.78, NULL),
(586, 119, 'LMM006', 7.57, 6.54, NULL),
(587, 119, 'MMM006', 7.98, 6.26, NULL),
(588, 119, 'CNN006', 9.37, 6.07, NULL),
(589, 119, 'GGG006', 8.25, 9.02, NULL),
(590, 119, 'HHH006', 6.36, 6.76, NULL),
(591, 119, 'FCE006', 8.69, 9.16, NULL),
(592, 119, 'AAA006', 9.76, 7.31, NULL),
(593, 119, 'EFF006', 9.27, 6.43, NULL),
(594, 119, 'LEE006', 6.35, 6.44, NULL),
(595, 12, 'LMM001', 7.16, 6.48, NULL),
(596, 12, 'MMM001', 8.92, 7.14, NULL),
(597, 12, 'CNN001', 6.94, 7.29, NULL),
(598, 12, 'GGG001', 9.63, 8.27, NULL),
(599, 12, 'HHH001', 6.47, 9.55, NULL),
(600, 12, 'FCE001', 6.34, 9.06, NULL),
(601, 12, 'AAA001', 8.29, 8.24, NULL),
(602, 12, 'EFF001', 6.34, 8.98, NULL),
(603, 12, 'LEE001', 7.89, 6.51, NULL),
(604, 34, 'LMM002', 6.87, 8.83, NULL),
(605, 34, 'MMM002', 9.55, 7.25, NULL),
(606, 34, 'CNN002', 9.58, 8.18, NULL),
(607, 34, 'GGG002', 6.16, 8.26, NULL),
(608, 34, 'HHH002', 8.79, 9.20, NULL),
(609, 34, 'FCE002', 9.63, 6.54, NULL),
(610, 34, 'AAA002', 9.83, 7.51, NULL),
(611, 34, 'EFF002', 6.05, 9.71, NULL),
(612, 34, 'LEE002', 8.43, 7.01, NULL),
(613, 56, 'LMM003', 7.77, 7.82, NULL),
(614, 56, 'MMM003', 9.77, 7.39, NULL),
(615, 56, 'CNN003', 9.66, 8.10, NULL),
(616, 56, 'GGG003', 9.54, 9.39, NULL),
(617, 56, 'HHH003', 8.32, 7.45, NULL),
(618, 56, 'FCE003', 6.30, 7.15, NULL),
(619, 56, 'AAA003', 6.83, 6.69, NULL),
(620, 56, 'EFF003', 6.96, 8.75, NULL),
(621, 56, 'LEE003', 8.86, 8.04, NULL),
(622, 78, 'LMM004', 7.63, 8.01, NULL),
(623, 78, 'MMM004', 7.17, 9.84, NULL),
(624, 78, 'CNN004', 9.69, 8.93, NULL),
(625, 78, 'GGG004', 9.58, 7.10, NULL),
(626, 78, 'HHH004', 8.76, 8.49, NULL),
(627, 78, 'FCE004', 6.16, 7.35, NULL),
(628, 78, 'AAA004', 8.26, 9.25, NULL),
(629, 78, 'EFF004', 7.48, 7.63, NULL),
(630, 78, 'LEE004', 9.72, 7.72, NULL),
(631, 99, 'LMM005', 7.43, 8.00, NULL),
(632, 99, 'MMM005', 7.69, 8.47, NULL),
(633, 99, 'CNN005', 9.27, 6.94, NULL),
(634, 99, 'GGG005', 8.88, 9.60, NULL),
(635, 99, 'HHH005', 7.37, 6.05, NULL),
(636, 99, 'FCE005', 6.13, 6.51, NULL),
(637, 99, 'AAA005', 8.16, 7.28, NULL),
(638, 99, 'EFF005', 9.89, 9.64, NULL),
(639, 99, 'LEE005', 8.53, 7.70, NULL),
(640, 120, 'LMM006', 6.94, 9.61, NULL),
(641, 120, 'MMM006', 9.21, 7.24, NULL),
(642, 120, 'CNN006', 6.55, 9.05, NULL),
(643, 120, 'GGG006', 7.61, 8.88, NULL),
(644, 120, 'HHH006', 7.56, 9.17, NULL),
(645, 120, 'FCE006', 9.15, 8.26, NULL),
(646, 120, 'AAA006', 7.83, 8.38, NULL),
(647, 120, 'EFF006', 8.40, 6.87, NULL),
(648, 120, 'LEE006', 7.16, 9.17, NULL),
(649, 13, 'LMM001', 6.38, 6.37, NULL),
(650, 13, 'MMM001', 6.73, 8.54, NULL),
(651, 13, 'CNN001', 8.49, 6.83, NULL),
(652, 13, 'GGG001', 6.70, 7.01, NULL),
(653, 13, 'HHH001', 8.95, 9.70, NULL),
(654, 13, 'FCE001', 7.64, 7.12, NULL),
(655, 13, 'AAA001', 6.67, 9.98, NULL),
(656, 13, 'EFF001', 7.90, 7.58, NULL),
(657, 13, 'LEE001', 8.17, 8.12, NULL),
(658, 35, 'LMM002', 6.10, 8.12, NULL),
(659, 35, 'MMM002', 8.32, 7.22, NULL),
(660, 35, 'CNN002', 9.15, 6.11, NULL),
(661, 35, 'GGG002', 9.09, 9.10, NULL),
(662, 35, 'HHH002', 8.26, 7.97, NULL),
(663, 35, 'FCE002', 9.08, 7.49, NULL),
(664, 35, 'AAA002', 8.20, 8.54, NULL),
(665, 35, 'EFF002', 8.08, 8.78, NULL),
(666, 35, 'LEE002', 9.68, 8.05, NULL),
(667, 57, 'LMM003', 9.22, 7.96, NULL),
(668, 57, 'MMM003', 6.12, 8.71, NULL),
(669, 57, 'CNN003', 7.19, 7.81, NULL),
(670, 57, 'GGG003', 7.51, 8.09, NULL),
(671, 57, 'HHH003', 7.94, 9.44, NULL),
(672, 57, 'FCE003', 9.39, 8.61, NULL),
(673, 57, 'AAA003', 8.87, 8.54, NULL),
(674, 57, 'EFF003', 6.10, 6.87, NULL),
(675, 57, 'LEE003', 6.04, 7.60, NULL),
(676, 79, 'LMM004', 9.88, 8.59, NULL),
(677, 79, 'MMM004', 7.32, 8.84, NULL),
(678, 79, 'CNN004', 8.24, 8.65, NULL),
(679, 79, 'GGG004', 8.56, 6.84, NULL),
(680, 79, 'HHH004', 6.50, 10.00, NULL),
(681, 79, 'FCE004', 8.49, 6.43, NULL),
(682, 79, 'AAA004', 8.72, 6.28, NULL),
(683, 79, 'EFF004', 7.27, 7.50, NULL),
(684, 79, 'LEE004', 9.67, 7.86, NULL),
(685, 100, 'LMM005', 8.30, 7.92, NULL),
(686, 100, 'MMM005', 8.71, 9.77, NULL),
(687, 100, 'CNN005', 8.72, 8.32, NULL),
(688, 100, 'GGG005', 9.40, 8.06, NULL),
(689, 100, 'HHH005', 6.11, 8.36, NULL),
(690, 100, 'FCE005', 9.49, 8.34, NULL),
(691, 100, 'AAA005', 7.25, 9.23, NULL),
(692, 100, 'EFF005', 6.41, 6.35, NULL),
(693, 100, 'LEE005', 6.51, 7.52, NULL),
(694, 121, 'LMM006', 8.05, 7.72, NULL),
(695, 121, 'MMM006', 8.43, 8.98, NULL),
(696, 121, 'CNN006', 9.64, 7.22, NULL),
(697, 121, 'GGG006', 9.22, 6.42, NULL),
(698, 121, 'HHH006', 6.44, 6.94, NULL),
(699, 121, 'FCE006', 9.36, 8.01, NULL),
(700, 121, 'AAA006', 9.97, 7.83, NULL),
(701, 121, 'EFF006', 7.22, 6.61, NULL),
(702, 121, 'LEE006', 9.39, 9.13, NULL),
(703, 14, 'LMM001', 7.49, 8.04, NULL),
(704, 14, 'MMM001', 7.72, 8.50, NULL),
(705, 14, 'CNN001', 9.33, 7.16, NULL),
(706, 14, 'GGG001', 9.78, 9.45, NULL),
(707, 14, 'HHH001', 7.91, 9.21, NULL),
(708, 14, 'FCE001', 8.29, 7.85, NULL),
(709, 14, 'AAA001', 8.37, 8.31, NULL),
(710, 14, 'EFF001', 6.43, 9.23, NULL),
(711, 14, 'LEE001', 8.84, 6.53, NULL),
(712, 36, 'LMM002', 8.11, 6.99, NULL),
(713, 36, 'MMM002', 8.59, 8.00, NULL),
(714, 36, 'CNN002', 8.21, 7.06, NULL),
(715, 36, 'GGG002', 8.67, 8.16, NULL),
(716, 36, 'HHH002', 8.79, 9.46, NULL),
(717, 36, 'FCE002', 6.93, 8.28, NULL),
(718, 36, 'AAA002', 6.60, 6.19, NULL),
(719, 36, 'EFF002', 9.11, 9.01, NULL),
(720, 36, 'LEE002', 7.71, 9.50, NULL),
(721, 58, 'LMM003', 6.39, 9.43, NULL),
(722, 58, 'MMM003', 9.97, 7.59, NULL),
(723, 58, 'CNN003', 6.01, 9.31, NULL),
(724, 58, 'GGG003', 6.50, 6.58, NULL),
(725, 58, 'HHH003', 7.39, 7.22, NULL),
(726, 58, 'FCE003', 7.93, 7.99, NULL),
(727, 58, 'AAA003', 6.14, 8.76, NULL),
(728, 58, 'EFF003', 7.35, 8.49, NULL),
(729, 58, 'LEE003', 6.37, 8.42, NULL),
(730, 80, 'LMM004', 8.96, 9.57, NULL),
(731, 80, 'MMM004', 6.95, 8.06, NULL),
(732, 80, 'CNN004', 9.45, 9.06, NULL),
(733, 80, 'GGG004', 6.95, 9.56, NULL),
(734, 80, 'HHH004', 8.96, 6.12, NULL),
(735, 80, 'FCE004', 9.72, 8.25, NULL),
(736, 80, 'AAA004', 6.10, 7.74, NULL),
(737, 80, 'EFF004', 6.39, 6.73, NULL),
(738, 80, 'LEE004', 8.46, 8.14, NULL),
(739, 101, 'LMM005', 9.33, 8.20, NULL),
(740, 101, 'MMM005', 7.04, 8.58, NULL),
(741, 101, 'CNN005', 7.79, 7.22, NULL),
(742, 101, 'GGG005', 6.70, 9.87, NULL),
(743, 101, 'HHH005', 7.22, 8.51, NULL),
(744, 101, 'FCE005', 6.89, 6.90, NULL),
(745, 101, 'AAA005', 7.82, 8.42, NULL),
(746, 101, 'EFF005', 8.64, 7.94, NULL),
(747, 101, 'LEE005', 7.77, 9.04, NULL),
(748, 122, 'LMM006', 7.90, 6.38, NULL),
(749, 122, 'MMM006', 6.20, 9.87, NULL),
(750, 122, 'CNN006', 8.74, 8.09, NULL),
(751, 122, 'GGG006', 8.23, 6.87, NULL),
(752, 122, 'HHH006', 7.67, 7.75, NULL),
(753, 122, 'FCE006', 9.74, 7.46, NULL),
(754, 122, 'AAA006', 6.06, 9.95, NULL),
(755, 122, 'EFF006', 9.53, 7.84, NULL),
(756, 122, 'LEE006', 8.58, 9.38, NULL),
(757, 15, 'LMM001', 7.17, 9.71, NULL),
(758, 15, 'MMM001', 9.04, 6.08, NULL),
(759, 15, 'CNN001', 9.29, 6.20, NULL),
(760, 15, 'GGG001', 9.13, 9.07, NULL),
(761, 15, 'HHH001', 7.94, 6.48, NULL),
(762, 15, 'FCE001', 6.61, 7.58, NULL),
(763, 15, 'AAA001', 8.09, 7.70, NULL),
(764, 15, 'EFF001', 8.25, 8.12, NULL),
(765, 15, 'LEE001', 9.88, 7.04, NULL),
(766, 37, 'LMM002', 7.57, 6.72, NULL),
(767, 37, 'MMM002', 8.89, 6.27, NULL),
(768, 37, 'CNN002', 6.71, 8.72, NULL),
(769, 37, 'GGG002', 9.47, 7.18, NULL),
(770, 37, 'HHH002', 9.50, 7.98, NULL),
(771, 37, 'FCE002', 9.37, 8.91, NULL),
(772, 37, 'AAA002', 6.46, 7.55, NULL),
(773, 37, 'EFF002', 8.36, 9.15, NULL),
(774, 37, 'LEE002', 6.68, 7.96, NULL),
(775, 59, 'LMM003', 9.73, 6.79, NULL),
(776, 59, 'MMM003', 6.77, 7.47, NULL),
(777, 59, 'CNN003', 7.04, 6.77, NULL),
(778, 59, 'GGG003', 6.76, 7.50, NULL),
(779, 59, 'HHH003', 7.20, 7.50, NULL),
(780, 59, 'FCE003', 9.89, 8.97, NULL),
(781, 59, 'AAA003', 9.18, 8.99, NULL),
(782, 59, 'EFF003', 7.41, 8.09, NULL),
(783, 59, 'LEE003', 8.20, 6.73, NULL),
(784, 81, 'LMM004', 7.06, 9.12, NULL),
(785, 81, 'MMM004', 6.41, 6.71, NULL),
(786, 81, 'CNN004', 8.30, 7.39, NULL),
(787, 81, 'GGG004', 6.06, 6.10, NULL),
(788, 81, 'HHH004', 6.34, 7.40, NULL),
(789, 81, 'FCE004', 7.96, 7.62, NULL),
(790, 81, 'AAA004', 8.23, 8.29, NULL),
(791, 81, 'EFF004', 6.74, 6.85, NULL),
(792, 81, 'LEE004', 8.02, 9.54, NULL),
(793, 102, 'LMM005', 9.67, 9.71, NULL),
(794, 102, 'MMM005', 9.54, 8.57, NULL),
(795, 102, 'CNN005', 8.23, 9.43, NULL),
(796, 102, 'GGG005', 8.46, 8.00, NULL),
(797, 102, 'HHH005', 8.63, 9.15, NULL),
(798, 102, 'FCE005', 9.84, 7.78, NULL),
(799, 102, 'AAA005', 7.36, 7.45, NULL),
(800, 102, 'EFF005', 9.19, 9.60, NULL),
(801, 102, 'LEE005', 6.43, 9.34, NULL),
(802, 123, 'LMM006', 9.42, 9.09, NULL),
(803, 123, 'MMM006', 7.17, 6.58, NULL),
(804, 123, 'CNN006', 9.38, 9.16, NULL),
(805, 123, 'GGG006', 7.67, 8.86, NULL),
(806, 123, 'HHH006', 7.28, 7.82, NULL),
(807, 123, 'FCE006', 7.25, 6.80, NULL),
(808, 123, 'AAA006', 6.27, 8.94, NULL),
(809, 123, 'EFF006', 7.88, 6.58, NULL),
(810, 123, 'LEE006', 7.26, 6.58, NULL),
(811, 16, 'LMM001', 9.12, 7.87, NULL),
(812, 16, 'MMM001', 9.96, 8.22, NULL),
(813, 16, 'CNN001', 9.19, 7.30, NULL),
(814, 16, 'GGG001', 6.92, 6.69, NULL),
(815, 16, 'HHH001', 6.72, 7.50, NULL),
(816, 16, 'FCE001', 7.35, 8.24, NULL),
(817, 16, 'AAA001', 9.16, 7.07, NULL),
(818, 16, 'EFF001', 9.90, 6.25, NULL),
(819, 16, 'LEE001', 7.58, 9.13, NULL),
(820, 38, 'LMM002', 8.92, 7.22, NULL),
(821, 38, 'MMM002', 7.32, 8.95, NULL),
(822, 38, 'CNN002', 8.80, 7.16, NULL),
(823, 38, 'GGG002', 7.40, 9.49, NULL),
(824, 38, 'HHH002', 7.28, 9.92, NULL),
(825, 38, 'FCE002', 9.78, 9.11, NULL),
(826, 38, 'AAA002', 6.23, 9.81, NULL),
(827, 38, 'EFF002', 8.37, 6.41, NULL),
(828, 38, 'LEE002', 8.92, 7.40, NULL),
(829, 60, 'LMM003', 8.22, 8.93, NULL),
(830, 60, 'MMM003', 9.96, 9.03, NULL),
(831, 60, 'CNN003', 9.28, 9.30, NULL),
(832, 60, 'GGG003', 8.66, 9.40, NULL),
(833, 60, 'HHH003', 7.02, 8.91, NULL),
(834, 60, 'FCE003', 9.48, 6.69, NULL),
(835, 60, 'AAA003', 7.00, 8.91, NULL),
(836, 60, 'EFF003', 9.58, 7.14, NULL),
(837, 60, 'LEE003', 8.98, 9.46, NULL),
(838, 82, 'LMM004', 6.36, 9.41, NULL),
(839, 82, 'MMM004', 9.99, 7.72, NULL),
(840, 82, 'CNN004', 6.62, 7.94, NULL),
(841, 82, 'GGG004', 9.84, 7.40, NULL),
(842, 82, 'HHH004', 9.45, 7.08, NULL),
(843, 82, 'FCE004', 9.02, 9.88, NULL),
(844, 82, 'AAA004', 8.33, 6.01, NULL),
(845, 82, 'EFF004', 7.07, 7.31, NULL),
(846, 82, 'LEE004', 9.35, 6.79, NULL),
(847, 103, 'LMM005', 7.94, 9.30, NULL),
(848, 103, 'MMM005', 8.70, 9.58, NULL),
(849, 103, 'CNN005', 7.80, 8.27, NULL),
(850, 103, 'GGG005', 7.97, 9.02, NULL),
(851, 103, 'HHH005', 7.19, 6.88, NULL),
(852, 103, 'FCE005', 6.86, 7.64, NULL),
(853, 103, 'AAA005', 7.60, 9.12, NULL),
(854, 103, 'EFF005', 8.76, 6.48, NULL),
(855, 103, 'LEE005', 8.09, 7.03, NULL),
(856, 124, 'LMM006', 8.88, 9.31, NULL),
(857, 124, 'MMM006', 9.90, 7.58, NULL),
(858, 124, 'CNN006', 6.21, 6.29, NULL),
(859, 124, 'GGG006', 6.82, 9.24, NULL),
(860, 124, 'HHH006', 7.75, 9.02, NULL),
(861, 124, 'FCE006', 7.83, 6.10, NULL),
(862, 124, 'AAA006', 9.03, 8.82, NULL),
(863, 124, 'EFF006', 7.03, 6.68, NULL),
(864, 124, 'LEE006', 6.33, 9.60, NULL),
(865, 17, 'LMM001', 7.01, 8.25, NULL),
(866, 17, 'MMM001', 6.24, 8.43, NULL),
(867, 17, 'CNN001', 9.45, 7.96, NULL),
(868, 17, 'GGG001', 9.45, 9.38, NULL),
(869, 17, 'HHH001', 8.55, 8.59, NULL),
(870, 17, 'FCE001', 7.29, 8.71, NULL),
(871, 17, 'AAA001', 7.65, 6.13, NULL),
(872, 17, 'EFF001', 9.69, 8.05, NULL),
(873, 17, 'LEE001', 9.20, 7.84, NULL),
(874, 39, 'LMM002', 9.62, 6.57, NULL),
(875, 39, 'MMM002', 9.97, 8.17, NULL),
(876, 39, 'CNN002', 8.93, 6.15, NULL),
(877, 39, 'GGG002', 9.97, 9.38, NULL),
(878, 39, 'HHH002', 6.98, 8.77, NULL),
(879, 39, 'FCE002', 8.89, 8.15, NULL),
(880, 39, 'AAA002', 8.09, 6.01, NULL),
(881, 39, 'EFF002', 7.77, 6.81, NULL),
(882, 39, 'LEE002', 8.75, 9.32, NULL),
(883, 61, 'LMM003', 6.36, 9.82, NULL),
(884, 61, 'MMM003', 8.04, 8.73, NULL),
(885, 61, 'CNN003', 9.51, 7.38, NULL),
(886, 61, 'GGG003', 6.37, 7.72, NULL),
(887, 61, 'HHH003', 9.48, 6.23, NULL),
(888, 61, 'FCE003', 8.70, 6.83, NULL),
(889, 61, 'AAA003', 6.05, 7.74, NULL),
(890, 61, 'EFF003', 6.56, 7.59, NULL),
(891, 61, 'LEE003', 8.25, 8.48, NULL),
(892, 83, 'LMM004', 7.64, 6.79, NULL),
(893, 83, 'MMM004', 9.01, 6.69, NULL),
(894, 83, 'CNN004', 8.43, 8.08, NULL),
(895, 83, 'GGG004', 9.08, 7.19, NULL),
(896, 83, 'HHH004', 6.71, 9.99, NULL),
(897, 83, 'FCE004', 7.82, 7.14, NULL),
(898, 83, 'AAA004', 6.23, 7.75, NULL),
(899, 83, 'EFF004', 6.03, 8.91, NULL),
(900, 83, 'LEE004', 8.47, 9.60, NULL),
(901, 104, 'LMM005', 8.62, 8.29, NULL),
(902, 104, 'MMM005', 9.58, 9.02, NULL),
(903, 104, 'CNN005', 6.36, 6.74, NULL),
(904, 104, 'GGG005', 8.62, 8.87, NULL),
(905, 104, 'HHH005', 8.51, 9.92, NULL),
(906, 104, 'FCE005', 6.07, 6.60, NULL),
(907, 104, 'AAA005', 8.77, 6.08, NULL),
(908, 104, 'EFF005', 6.08, 6.16, NULL),
(909, 104, 'LEE005', 6.54, 8.25, NULL),
(910, 125, 'LMM006', 7.61, 7.30, NULL),
(911, 125, 'MMM006', 7.66, 6.41, NULL),
(912, 125, 'CNN006', 7.06, 6.07, NULL),
(913, 125, 'GGG006', 7.15, 7.58, NULL),
(914, 125, 'HHH006', 6.43, 7.40, NULL),
(915, 125, 'FCE006', 7.73, 6.44, NULL),
(916, 125, 'AAA006', 6.99, 9.65, NULL),
(917, 125, 'EFF006', 9.28, 7.44, NULL),
(918, 125, 'LEE006', 7.38, 8.57, NULL),
(919, 18, 'LMM001', 6.69, 9.77, NULL),
(920, 18, 'MMM001', 6.76, 6.49, NULL),
(921, 18, 'CNN001', 6.16, 9.33, NULL),
(922, 18, 'GGG001', 6.16, 8.83, NULL),
(923, 18, 'HHH001', 7.68, 9.89, NULL),
(924, 18, 'FCE001', 8.42, 6.41, NULL),
(925, 18, 'AAA001', 8.81, 6.80, NULL),
(926, 18, 'EFF001', 9.58, 9.51, NULL),
(927, 18, 'LEE001', 8.82, 9.56, NULL),
(928, 40, 'LMM002', 7.34, 6.03, NULL),
(929, 40, 'MMM002', 6.12, 6.53, NULL),
(930, 40, 'CNN002', 8.26, 7.74, NULL),
(931, 40, 'GGG002', 7.91, 6.33, NULL),
(932, 40, 'HHH002', 9.92, 8.63, NULL),
(933, 40, 'FCE002', 7.36, 8.91, NULL),
(934, 40, 'AAA002', 8.46, 9.60, NULL),
(935, 40, 'EFF002', 8.59, 8.16, NULL),
(936, 40, 'LEE002', 9.03, 6.65, NULL),
(937, 62, 'LMM003', 8.19, 6.99, NULL),
(938, 62, 'MMM003', 8.39, 6.97, NULL),
(939, 62, 'CNN003', 7.69, 7.53, NULL),
(940, 62, 'GGG003', 8.56, 6.24, NULL),
(941, 62, 'HHH003', 7.51, 8.85, NULL),
(942, 62, 'FCE003', 7.69, 9.89, NULL),
(943, 62, 'AAA003', 8.40, 6.32, NULL),
(944, 62, 'EFF003', 8.40, 9.03, NULL),
(945, 62, 'LEE003', 9.95, 8.68, NULL),
(946, 84, 'LMM004', 7.55, 9.72, NULL),
(947, 84, 'MMM004', 7.95, 8.58, NULL),
(948, 84, 'CNN004', 9.05, 9.52, NULL),
(949, 84, 'GGG004', 6.45, 9.67, NULL),
(950, 84, 'HHH004', 7.03, 8.12, NULL),
(951, 84, 'FCE004', 9.51, 9.19, NULL),
(952, 84, 'AAA004', 7.44, 7.63, NULL),
(953, 84, 'EFF004', 9.80, 8.13, NULL),
(954, 84, 'LEE004', 9.23, 7.79, NULL),
(955, 105, 'LMM005', 9.23, 8.78, NULL),
(956, 105, 'MMM005', 6.20, 6.66, NULL),
(957, 105, 'CNN005', 8.72, 9.61, NULL),
(958, 105, 'GGG005', 7.91, 8.69, NULL),
(959, 105, 'HHH005', 9.72, 8.54, NULL),
(960, 105, 'FCE005', 7.52, 6.01, NULL),
(961, 105, 'AAA005', 9.46, 7.30, NULL),
(962, 105, 'EFF005', 6.12, 6.69, NULL),
(963, 105, 'LEE005', 9.11, 7.46, NULL),
(964, 126, 'LMM006', 7.99, 7.58, NULL),
(965, 126, 'MMM006', 7.91, 6.81, NULL),
(966, 126, 'CNN006', 8.32, 7.18, NULL),
(967, 126, 'GGG006', 8.92, 9.08, NULL),
(968, 126, 'HHH006', 8.62, 9.87, NULL),
(969, 126, 'FCE006', 9.49, 7.83, NULL),
(970, 126, 'AAA006', 8.68, 9.92, NULL),
(971, 126, 'EFF006', 9.54, 7.95, NULL),
(972, 126, 'LEE006', 9.13, 7.80, NULL),
(973, 19, 'LMM001', 9.63, 6.74, NULL),
(974, 19, 'MMM001', 6.81, 7.82, NULL),
(975, 19, 'CNN001', 8.66, 9.84, NULL),
(976, 19, 'GGG001', 9.21, 6.53, NULL),
(977, 19, 'HHH001', 7.03, 9.54, NULL),
(978, 19, 'FCE001', 8.62, 8.50, NULL),
(979, 19, 'AAA001', 6.62, 9.61, NULL),
(980, 19, 'EFF001', 6.18, 8.08, NULL),
(981, 19, 'LEE001', 7.87, 9.11, NULL),
(982, 41, 'LMM002', 7.93, 6.34, NULL),
(983, 41, 'MMM002', 9.88, 8.38, NULL),
(984, 41, 'CNN002', 6.29, 8.29, NULL),
(985, 41, 'GGG002', 8.59, 8.06, NULL),
(986, 41, 'HHH002', 8.54, 8.53, NULL),
(987, 41, 'FCE002', 7.03, 7.57, NULL),
(988, 41, 'AAA002', 6.75, 9.05, NULL),
(989, 41, 'EFF002', 7.01, 9.89, NULL),
(990, 41, 'LEE002', 6.43, 8.46, NULL),
(991, 63, 'LMM003', 9.02, 9.70, NULL),
(992, 63, 'MMM003', 7.47, 6.23, NULL),
(993, 63, 'CNN003', 6.76, 9.11, NULL),
(994, 63, 'GGG003', 7.25, 6.93, NULL),
(995, 63, 'HHH003', 6.88, 7.64, NULL),
(996, 63, 'FCE003', 7.54, 8.78, NULL),
(997, 63, 'AAA003', 7.27, 8.03, NULL),
(998, 63, 'EFF003', 8.31, 7.49, NULL),
(999, 63, 'LEE003', 6.51, 8.08, NULL),
(1000, 85, 'LMM004', 6.88, 8.15, NULL),
(1001, 85, 'MMM004', 6.13, 8.18, NULL),
(1002, 85, 'CNN004', 8.52, 8.08, NULL),
(1003, 85, 'GGG004', 8.81, 9.84, NULL),
(1004, 85, 'HHH004', 8.75, 8.22, NULL),
(1005, 85, 'FCE004', 8.86, 9.65, NULL),
(1006, 85, 'AAA004', 7.66, 7.36, NULL),
(1007, 85, 'EFF004', 7.81, 6.95, NULL),
(1008, 85, 'LEE004', 9.35, 7.90, NULL),
(1009, 106, 'LMM005', 9.46, 9.61, NULL),
(1010, 106, 'MMM005', 9.64, 9.37, NULL),
(1011, 106, 'CNN005', 7.92, 9.51, NULL),
(1012, 106, 'GGG005', 9.77, 6.33, NULL),
(1013, 106, 'HHH005', 8.34, 8.73, NULL),
(1014, 106, 'FCE005', 8.62, 6.89, NULL),
(1015, 106, 'AAA005', 6.60, 6.33, NULL),
(1016, 106, 'EFF005', 9.87, 8.33, NULL),
(1017, 106, 'LEE005', 6.04, 7.20, NULL),
(1018, 127, 'LMM006', 7.89, 7.85, NULL),
(1019, 127, 'MMM006', 9.60, 6.43, NULL),
(1020, 127, 'CNN006', 9.35, 9.47, NULL),
(1021, 127, 'GGG006', 9.30, 8.07, NULL),
(1022, 127, 'HHH006', 6.48, 6.16, NULL),
(1023, 127, 'FCE006', 9.37, 6.39, NULL),
(1024, 127, 'AAA006', 9.83, 7.97, NULL),
(1025, 127, 'EFF006', 8.36, 7.88, NULL),
(1026, 127, 'LEE006', 8.33, 8.01, NULL),
(1027, 20, 'LMM001', 9.06, 7.28, NULL),
(1028, 20, 'MMM001', 7.19, 8.14, NULL),
(1029, 20, 'CNN001', 9.12, 7.17, NULL),
(1030, 20, 'GGG001', 6.52, 9.06, NULL),
(1031, 20, 'HHH001', 7.77, 9.65, NULL),
(1032, 20, 'FCE001', 6.93, 7.72, NULL),
(1033, 20, 'AAA001', 7.80, 9.84, NULL),
(1034, 20, 'EFF001', 7.80, 7.47, NULL),
(1035, 20, 'LEE001', 7.95, 7.33, NULL),
(1036, 42, 'LMM002', 6.80, 6.01, NULL),
(1037, 42, 'MMM002', 7.64, 6.16, NULL),
(1038, 42, 'CNN002', 9.90, 9.00, NULL),
(1039, 42, 'GGG002', 9.32, 9.58, NULL),
(1040, 42, 'HHH002', 9.95, 7.00, NULL),
(1041, 42, 'FCE002', 7.14, 8.70, NULL),
(1042, 42, 'AAA002', 8.07, 8.26, NULL),
(1043, 42, 'EFF002', 7.08, 8.63, NULL),
(1044, 42, 'LEE002', 7.91, 7.66, NULL),
(1045, 64, 'LMM003', 8.55, 9.79, NULL),
(1046, 64, 'MMM003', 9.29, 7.09, NULL),
(1047, 64, 'CNN003', 9.60, 8.70, NULL),
(1048, 64, 'GGG003', 8.70, 7.40, NULL),
(1049, 64, 'HHH003', 8.92, 8.39, NULL),
(1050, 64, 'FCE003', 9.18, 6.72, NULL),
(1051, 64, 'AAA003', 8.05, 6.13, NULL),
(1052, 64, 'EFF003', 8.47, 9.95, NULL),
(1053, 64, 'LEE003', 6.37, 7.97, NULL),
(1054, 86, 'LMM004', 6.74, 7.82, NULL),
(1055, 86, 'MMM004', 8.87, 6.87, NULL),
(1056, 86, 'CNN004', 9.74, 6.11, NULL),
(1057, 86, 'GGG004', 7.33, 8.33, NULL),
(1058, 86, 'HHH004', 9.65, 9.27, NULL),
(1059, 86, 'FCE004', 7.38, 7.10, NULL),
(1060, 86, 'AAA004', 7.35, 9.47, NULL),
(1061, 86, 'EFF004', 7.28, 9.98, NULL),
(1062, 86, 'LEE004', 6.09, 6.48, NULL),
(1063, 107, 'LMM005', 8.13, 7.21, NULL),
(1064, 107, 'MMM005', 9.67, 8.72, NULL),
(1065, 107, 'CNN005', 8.60, 6.82, NULL),
(1066, 107, 'GGG005', 6.33, 9.16, NULL),
(1067, 107, 'HHH005', 8.80, 6.56, NULL),
(1068, 107, 'FCE005', 8.36, 8.15, NULL),
(1069, 107, 'AAA005', 9.65, 9.79, NULL),
(1070, 107, 'EFF005', 6.02, 6.72, NULL),
(1071, 107, 'LEE005', 9.52, 9.47, NULL),
(1072, 128, 'LMM006', 8.76, 9.42, NULL),
(1073, 128, 'MMM006', 6.82, 7.83, NULL),
(1074, 128, 'CNN006', 8.70, 10.00, NULL),
(1075, 128, 'GGG006', 9.89, 9.44, NULL),
(1076, 128, 'HHH006', 7.54, 7.38, NULL),
(1077, 128, 'FCE006', 8.30, 9.34, NULL),
(1078, 128, 'AAA006', 7.81, 9.05, NULL),
(1079, 128, 'EFF006', 7.78, 9.79, NULL),
(1080, 128, 'LEE006', 7.58, 6.53, NULL),
(1081, 21, 'LMM001', 7.93, 6.04, NULL),
(1082, 21, 'MMM001', 8.40, 9.90, NULL),
(1083, 21, 'CNN001', 6.28, 7.70, NULL),
(1084, 21, 'GGG001', 9.68, 7.31, NULL),
(1085, 21, 'HHH001', 9.49, 7.51, NULL),
(1086, 21, 'FCE001', 7.08, 6.86, NULL),
(1087, 21, 'AAA001', 7.06, 8.73, NULL),
(1088, 21, 'EFF001', 8.48, 6.20, NULL),
(1089, 21, 'LEE001', 7.58, 9.29, NULL),
(1090, 43, 'LMM002', 9.72, 6.73, NULL),
(1091, 43, 'MMM002', 6.47, 6.17, NULL),
(1092, 43, 'CNN002', 9.43, 6.66, NULL),
(1093, 43, 'GGG002', 7.00, 9.01, NULL),
(1094, 43, 'HHH002', 6.06, 9.26, NULL),
(1095, 43, 'FCE002', 6.12, 8.81, NULL),
(1096, 43, 'AAA002', 7.71, 6.13, NULL),
(1097, 43, 'EFF002', 9.51, 7.16, NULL),
(1098, 43, 'LEE002', 9.27, 6.89, NULL),
(1099, 65, 'LMM003', 8.61, 8.39, NULL),
(1100, 65, 'MMM003', 6.12, 7.42, NULL),
(1101, 65, 'CNN003', 8.75, 7.50, NULL),
(1102, 65, 'GGG003', 9.23, 9.66, NULL),
(1103, 65, 'HHH003', 6.59, 10.00, NULL),
(1104, 65, 'FCE003', 8.20, 9.02, NULL),
(1105, 65, 'AAA003', 6.50, 7.43, NULL),
(1106, 65, 'EFF003', 7.64, 9.91, NULL),
(1107, 65, 'LEE003', 8.65, 7.49, NULL),
(1108, 87, 'LMM004', 9.53, 7.16, NULL),
(1109, 87, 'MMM004', 9.20, 6.55, NULL),
(1110, 87, 'CNN004', 7.15, 6.07, NULL),
(1111, 87, 'GGG004', 6.92, 6.39, NULL),
(1112, 87, 'HHH004', 9.18, 8.72, NULL),
(1113, 87, 'FCE004', 6.05, 6.10, NULL),
(1114, 87, 'AAA004', 6.37, 7.52, NULL),
(1115, 87, 'EFF004', 8.51, 9.98, NULL),
(1116, 87, 'LEE004', 6.37, 7.91, NULL),
(1117, 108, 'LMM005', 6.43, 6.41, NULL),
(1118, 108, 'MMM005', 6.79, 8.71, NULL),
(1119, 108, 'CNN005', 9.17, 9.74, NULL),
(1120, 108, 'GGG005', 7.19, 8.72, NULL),
(1121, 108, 'HHH005', 8.05, 8.08, NULL),
(1122, 108, 'FCE005', 6.24, 8.98, NULL),
(1123, 108, 'AAA005', 8.16, 7.87, NULL),
(1124, 108, 'EFF005', 8.88, 6.76, NULL),
(1125, 108, 'LEE005', 9.19, 7.64, NULL),
(1126, 129, 'LMM006', 8.66, 6.37, NULL),
(1127, 129, 'MMM006', 7.87, 6.25, NULL),
(1128, 129, 'CNN006', 9.64, 7.42, NULL),
(1129, 129, 'GGG006', 6.22, 6.81, NULL),
(1130, 129, 'HHH006', 9.40, 8.57, NULL),
(1131, 129, 'FCE006', 8.64, 7.49, NULL),
(1132, 129, 'AAA006', 9.53, 7.17, NULL),
(1133, 129, 'EFF006', 9.27, 6.82, NULL),
(1134, 129, 'LEE006', 8.32, 7.14, NULL),
(1135, 22, 'LMM001', 8.71, 8.15, NULL),
(1136, 22, 'MMM001', 8.62, 8.65, NULL),
(1137, 22, 'CNN001', 7.37, 8.92, NULL),
(1138, 22, 'GGG001', 8.47, 9.59, NULL),
(1139, 22, 'HHH001', 8.55, 7.97, NULL),
(1140, 22, 'FCE001', 8.20, 7.11, NULL),
(1141, 22, 'AAA001', 8.92, 9.28, NULL),
(1142, 22, 'EFF001', 9.63, 6.30, NULL),
(1143, 22, 'LEE001', 8.62, 6.20, NULL),
(1144, 44, 'LMM002', 7.15, 7.14, NULL),
(1145, 44, 'MMM002', 8.24, 9.79, NULL),
(1146, 44, 'CNN002', 6.23, 7.76, NULL),
(1147, 44, 'GGG002', 6.14, 9.40, NULL),
(1148, 44, 'HHH002', 6.57, 6.67, NULL),
(1149, 44, 'FCE002', 7.62, 8.10, NULL),
(1150, 44, 'AAA002', 7.66, 7.97, NULL),
(1151, 44, 'EFF002', 6.86, 8.42, NULL),
(1152, 44, 'LEE002', 7.49, 6.19, NULL),
(1153, 66, 'LMM003', 6.51, 7.96, NULL),
(1154, 66, 'MMM003', 6.27, 9.46, NULL),
(1155, 66, 'CNN003', 6.48, 6.04, NULL),
(1156, 66, 'GGG003', 8.76, 7.67, NULL),
(1157, 66, 'HHH003', 6.06, 9.31, NULL),
(1158, 66, 'FCE003', 6.37, 9.91, NULL),
(1159, 66, 'AAA003', 8.43, 6.44, NULL),
(1160, 66, 'EFF003', 8.92, 7.26, NULL),
(1161, 66, 'LEE003', 7.53, 9.90, NULL);

-- --------------------------------------------------------

--
-- Estructura de tabla para la tabla `grados`
--

DROP TABLE IF EXISTS `grados`;
CREATE TABLE `grados` (
  `grado` int(1) NOT NULL
) ENGINE=InnoDB DEFAULT CHARSET=utf8mb4 COLLATE=utf8mb4_general_ci;

--
-- Volcado de datos para la tabla `grados`
--

INSERT INTO `grados` (`grado`) VALUES
(1),
(2),
(3),
(4),
(5),
(6);

-- --------------------------------------------------------

--
-- Estructura de tabla para la tabla `grado_materias`
--

DROP TABLE IF EXISTS `grado_materias`;
CREATE TABLE `grado_materias` (
  `id_tiene` int(11) NOT NULL,
  `grado` int(1) DEFAULT NULL,
  `codigo_materia` varchar(6) DEFAULT NULL
) ENGINE=InnoDB DEFAULT CHARSET=utf8mb4 COLLATE=utf8mb4_general_ci;

--
-- Volcado de datos para la tabla `grado_materias`
--

INSERT INTO `grado_materias` (`id_tiene`, `grado`, `codigo_materia`) VALUES
(1, 1, 'LMM001'),
(2, 1, 'MMM001'),
(3, 1, 'CNN001'),
(4, 1, 'GGG001'),
(5, 1, 'HHH001'),
(6, 1, 'FCE001'),
(7, 1, 'AAA001'),
(8, 1, 'EFF001'),
(9, 1, 'LEE001'),
(10, 2, 'LMM002'),
(11, 2, 'MMM002'),
(12, 2, 'CNN002'),
(13, 2, 'GGG002'),
(14, 2, 'HHH002'),
(15, 2, 'FCE002'),
(16, 2, 'AAA002'),
(17, 2, 'EFF002'),
(18, 2, 'LEE002'),
(19, 3, 'LMM003'),
(20, 3, 'MMM003'),
(21, 3, 'CNN003'),
(22, 3, 'GGG003'),
(23, 3, 'HHH003'),
(24, 3, 'FCE003'),
(25, 3, 'AAA003'),
(26, 3, 'EFF003'),
(27, 3, 'LEE003'),
(28, 4, 'LMM004'),
(29, 4, 'MMM004'),
(30, 4, 'CNN004'),
(31, 4, 'GGG004'),
(32, 4, 'HHH004'),
(33, 4, 'FCE004'),
(34, 4, 'AAA004'),
(35, 4, 'EFF004'),
(36, 4, 'LEE004'),
(37, 5, 'LMM005'),
(38, 5, 'MMM005'),
(39, 5, 'CNN005'),
(40, 5, 'GGG005'),
(41, 5, 'HHH005'),
(42, 5, 'FCE005'),
(43, 5, 'AAA005'),
(44, 5, 'EFF005'),
(45, 5, 'LEE005'),
(46, 6, 'LMM006'),
(47, 6, 'MMM006'),
(48, 6, 'CNN006'),
(49, 6, 'GGG006'),
(50, 6, 'HHH006'),
(51, 6, 'FCE006'),
(52, 6, 'AAA006'),
(53, 6, 'EFF006'),
(54, 6, 'LEE006');

-- --------------------------------------------------------

--
-- Estructura de tabla para la tabla `materias`
--

DROP TABLE IF EXISTS `materias`;
CREATE TABLE `materias` (
  `codigo_materia` varchar(6) NOT NULL,
  `materia` varchar(40) DEFAULT NULL
) ENGINE=InnoDB DEFAULT CHARSET=utf8mb4 COLLATE=utf8mb4_general_ci;

--
-- Volcado de datos para la tabla `materias`
--

INSERT INTO `materias` (`codigo_materia`, `materia`) VALUES
('AAA001', 'Artes 1'),
('AAA002', 'Artes 2'),
('AAA003', 'Artes 3'),
('AAA004', 'Artes 4'),
('AAA005', 'Artes 5'),
('AAA006', 'Artes 6'),
('CNN001', 'Ciencias Naturales 1'),
('CNN002', 'Ciencias Naturales 2'),
('CNN003', 'Ciencias Naturales 3'),
('CNN004', 'Ciencias Naturales 4'),
('CNN005', 'Ciencias Naturales 5'),
('CNN006', 'Ciencias Naturales 6'),
('EFF001', 'Educación Física 1'),
('EFF002', 'Educación Física 2'),
('EFF003', 'Educación Física 3'),
('EFF004', 'Educación Física 4'),
('EFF005', 'Educación Física 5'),
('EFF006', 'Educación Física 6'),
('FCE001', 'Formación Cívica y Ética 1'),
('FCE002', 'Formación Cívica y Ética 2'),
('FCE003', 'Formación Cívica y Ética 3'),
('FCE004', 'Formación Cívica y Ética 4'),
('FCE005', 'Formación Cívica y Ética 5'),
('FCE006', 'Formación Cívica y Ética 6'),
('GGG001', 'Geografía 1'),
('GGG002', 'Geografía 2'),
('GGG003', 'Geografía 3'),
('GGG004', 'Geografía 4'),
('GGG005', 'Geografía 5'),
('GGG006', 'Geografía 6'),
('HHH001', 'Historia 1'),
('HHH002', 'Historia 2'),
('HHH003', 'Historia 3'),
('HHH004', 'Historia 4'),
('HHH005', 'Historia 5'),
('HHH006', 'Historia 6'),
('LEE001', 'Lengua Extranjera 1'),
('LEE002', 'Lengua Extranjera 2'),
('LEE003', 'Lengua Extranjera 3'),
('LEE004', 'Lengua Extranjera 4'),
('LEE005', 'Lengua Extranjera 5'),
('LEE006', 'Lengua Extranjera 6'),
('LMM001', 'Lengua Materna 1'),
('LMM002', 'Lengua Materna 2'),
('LMM003', 'Lengua Materna 3'),
('LMM004', 'Lengua Materna 4'),
('LMM005', 'Lengua Materna 5'),
('LMM006', 'Lengua Materna 6'),
('MMM001', 'Matemáticas 1'),
('MMM002', 'Matemáticas 2'),
('MMM003', 'Matemáticas 3'),
('MMM004', 'Matemáticas 4'),
('MMM005', 'Matemáticas 5'),
('MMM006', 'Matemáticas 6');

--
-- Índices para tablas volcadas
--

--
-- Indices de la tabla `alumnos`
--
ALTER TABLE `alumnos`
  ADD PRIMARY KEY (`matricula`);

--
-- Indices de la tabla `alumno_grado`
--
ALTER TABLE `alumno_grado`
  ADD PRIMARY KEY (`id_esta`),
  ADD KEY `matricula` (`matricula`),
  ADD KEY `grado` (`grado`);

--
-- Indices de la tabla `calificaciones`
--
ALTER TABLE `calificaciones`
  ADD PRIMARY KEY (`id_calificacion`),
  ADD KEY `id_esta` (`id_esta`);

--
-- Indices de la tabla `detalle_calificaciones`
--
ALTER TABLE `detalle_calificaciones`
  ADD PRIMARY KEY (`id_detalle`),
  ADD KEY `id_calificacion` (`id_calificacion`),
  ADD KEY `codigo_materia` (`codigo_materia`);

--
-- Indices de la tabla `grados`
--
ALTER TABLE `grados`
  ADD PRIMARY KEY (`grado`);

--
-- Indices de la tabla `grado_materias`
--
ALTER TABLE `grado_materias`
  ADD PRIMARY KEY (`id_tiene`),
  ADD KEY `grado` (`grado`),
  ADD KEY `codigo_materia` (`codigo_materia`);

--
-- Indices de la tabla `materias`
--
ALTER TABLE `materias`
  ADD PRIMARY KEY (`codigo_materia`);

--
-- AUTO_INCREMENT de las tablas volcadas
--

--
-- AUTO_INCREMENT de la tabla `alumno_grado`
--
ALTER TABLE `alumno_grado`
  MODIFY `id_esta` int(11) NOT NULL AUTO_INCREMENT, AUTO_INCREMENT=140;

--
-- AUTO_INCREMENT de la tabla `calificaciones`
--
ALTER TABLE `calificaciones`
  MODIFY `id_calificacion` int(11) NOT NULL AUTO_INCREMENT, AUTO_INCREMENT=130;

--
-- AUTO_INCREMENT de la tabla `detalle_calificaciones`
--
ALTER TABLE `detalle_calificaciones`
  MODIFY `id_detalle` int(11) NOT NULL AUTO_INCREMENT, AUTO_INCREMENT=1162;

--
-- AUTO_INCREMENT de la tabla `grado_materias`
--
ALTER TABLE `grado_materias`
  MODIFY `id_tiene` int(11) NOT NULL AUTO_INCREMENT, AUTO_INCREMENT=55;

--
-- Restricciones para tablas volcadas
--

--
-- Filtros para la tabla `alumno_grado`
--
ALTER TABLE `alumno_grado`
  ADD CONSTRAINT `alumno_grado_ibfk_1` FOREIGN KEY (`matricula`) REFERENCES `alumnos` (`matricula`),
  ADD CONSTRAINT `alumno_grado_ibfk_2` FOREIGN KEY (`grado`) REFERENCES `grados` (`grado`);

--
-- Filtros para la tabla `calificaciones`
--
ALTER TABLE `calificaciones`
  ADD CONSTRAINT `calificaciones_ibfk_1` FOREIGN KEY (`id_esta`) REFERENCES `alumno_grado` (`id_esta`);

--
-- Filtros para la tabla `detalle_calificaciones`
--
ALTER TABLE `detalle_calificaciones`
  ADD CONSTRAINT `detalle_calificaciones_ibfk_1` FOREIGN KEY (`id_calificacion`) REFERENCES `calificaciones` (`id_calificacion`),
  ADD CONSTRAINT `detalle_calificaciones_ibfk_2` FOREIGN KEY (`codigo_materia`) REFERENCES `materias` (`codigo_materia`);

--
-- Filtros para la tabla `grado_materias`
--
ALTER TABLE `grado_materias`
  ADD CONSTRAINT `grado_materias_ibfk_1` FOREIGN KEY (`grado`) REFERENCES `grados` (`grado`),
  ADD CONSTRAINT `grado_materias_ibfk_2` FOREIGN KEY (`codigo_materia`) REFERENCES `materias` (`codigo_materia`);
COMMIT;

/*!40101 SET CHARACTER_SET_CLIENT=@OLD_CHARACTER_SET_CLIENT */;
/*!40101 SET CHARACTER_SET_RESULTS=@OLD_CHARACTER_SET_RESULTS */;
/*!40101 SET COLLATION_CONNECTION=@OLD_COLLATION_CONNECTION */;
